component,quantity,boundary_cases,why_it_matters,what_to_check,status,sources
Target LM head,actual logits rows R,1;2;6;48;4096,Single-row Triton/Torch and Torch M1 rounding transition,Capture hidden row and projected logits; Q as well as R; each TP shard;0038 duplicate row,Proposed coverage; not a claim these tests were run by this audit,V13; B05-B07; P0038
Attention metadata,max per-request query rows,5;6;7,Decode reorder threshold6 with five ordinary speculative tokens,"Same target token alone and beside prefill; record decode/extend, compute dtype and valid KV",Proposed coverage; not a claim these tests were run by this audit,V10; V27
BF16-output GEMV,prepared capacity Q,8;9,Torch eligibility Q>8,"Test512x5120,32x5120,128x512 separately; record M and Q; FP32-output paths excluded",Proposed coverage; not a claim these tests were run by this audit,B01
Exact lookup fallback,actual rows M and prepared set,18;19;20;28;40,Missing19 can select maximum4096 while prepared mixed batch uses small plan,Replay exact serving lookup and new smallest lookup; enumerate actual prepared set,Proposed coverage; not a claim these tests were run by this audit,V01-V02; P0027
MoE decode/prefill variants,actual/prepared rows,1;2;48;49;56;72,M1 materialized exclusion; capacity variant boundary after decode regime,"Record variant,route counts,tile,workspace,combine order and dead routes",Proposed coverage; not a claim these tests were run by this audit,V19; B13; M0009; P0034
mHC lagged prepare,prepared Q,95;96;97,Default native lagged cutoff96;0039 grouping4->13,Capture same residual rows; pre and post_pre; expanded/norm eligibility; compare outputs,Proposed coverage; not a claim these tests were run by this audit,B11; P0039
CED compaction,query rows per request,127;128;129,Keep at most128 unless keep_full; boundary layer populates KV before compacting,Compare hidden rows/logits and global KV; mixed requests; keep_full variants,Proposed coverage; not a claim these tests were run by this audit,V05; V06
Concatenated compressor benchmark,prepared Q,127;128;129,N1024 TMA threshold128 is benchmark-only for ratio2 concatenated replay,Do not substitute this result for served two N512 FP32 calls,Proposed coverage; not a claim these tests were run by this audit,B01; V02; D06
Sparse capacity mapping,actual M under replay smallest-Q lookup,96;97;192;193,Sparse Q96->192 and192->384; not intrinsic backend thresholds,"Record selected Q,backend and exact shape; concatenated replay is separate",Proposed coverage; not a claim these tests were run by this audit,D05-D06; B01
Encoder sequence parallelism,global live T; H5120 BF16,204;205;206,Tp204 fits2MiB;Tp207 exceeds it,Healthy RoCE2MiB; compare all-reduce vs reduce-scatter+gather and local M,Proposed coverage; not a claim these tests were run by this audit,V04; V18
Target gate and served compressor,prepared Q,255;256;257,N384/512 K5120 TMA threshold256,"Target FP32,each ratio2 half FP32,and ratio1 BF16 separate; compare exact wrapper outputs",Proposed coverage; not a claim these tests were run by this audit,V01-V02; B01
Shared expert overlap and prefetch,actual eligible rows,255;256;257,Default threshold256 for shared-stream/prefetch eligibility; distinct controls,Record stream launches and initialization; run with competing routed work,Proposed coverage; not a claim these tests were run by this audit,V20; V12; V29
mHC TF32,prepared Q,383;384;385;4096,Eligible TF32 from384; special4096 split4 geometry,"Record operation,precision,projection splits and lagged mode; dont confuse scratch splits80",Proposed coverage; not a claim these tests were run by this audit,B11
MoE tile ladder first boundary,token capacity under target top6/E384,1024;1025,Routed rows exceed16 per expert; ordinary policy tile16->32,Eligibility and prepared variant must be observed before asserting tile,Proposed coverage; not a claim these tests were run by this audit,B14; V19
RoCE all-gather hidden,global T and local L,T1227/L409;T1228/L410,Local BF16 width5120 crosses4MiB,Record per-rank input bytes; different dtype/width needs separate threshold,Proposed coverage; not a claim these tests were run by this audit,V18; B17
MoE tile ladder second boundary,token capacity under target top6/E384,2303;2304,Routed rows reach36 per expert; ordinary policy tile64,Record selected variant and actual launch; tests with controlled routes,Proposed coverage; not a claim these tests were run by this audit,B14; V19
Aligned chunking,absolute computed position C and P,3999;4000;4001;C1536->4000;C4096->8000,Ref2 advances to absolute4000 boundaries; budget can defer chunk,Target token trace alone/mixed; finish inside CED window; same cached state,Proposed coverage; not a claim these tests were run by this audit,D04; V05
Production chunking,cold prompt P,4095;4096;4097;8093,Production4096 nominal vsref2 aligned4000 changes forwards/tails,Record scheduled T and sampled R; dont infer Q from P,Proposed coverage; not a claim these tests were run by this audit,D01; D04
Indexer short-prefill eligibility,total context length,32768;32769,Ratio2 ceil(context/2) crosses16384 scores,"Also require pre-candidate non-CED layer,no capture;record row chunk and score width",Proposed coverage; not a claim these tests were run by this audit,V03
Compressor state parity,computed prefix/position,even;odd;pair split at boundary,Ratio2 unfinished pair stored in request ring,Decode after prefix hit and chunk end; compare cache/state plus selected output rows,Proposed coverage; not a claim these tests were run by this audit,V02; V28
KV and prefix intervals,context/prefix position,255;256;257;511;512;513,Physical KVblock256 vs retention512 vs CED128,Only use admissible actual cache hits; log returned computed prefix length,Proposed coverage; not a claim these tests were run by this audit,D01; V02; V05
Long-context scenarios,P and cached C,8093;16384;65536;262144,Existing traced max8093;64K speed-only;262K configured max,Select accepted scope; at least long prefix ending midchunk; dont claim measured guarantee,Proposed coverage; not a claim these tests were run by this audit,D04; D01
Dense split-K,"same operands, Q and split policy",turbo on;turbo off;split1;default shapes,Turbo off can still split2;tile transition separate from split,"Record split count,atomic/workspace reducer,operand quantization and tile; compare served weights",Proposed coverage; not a claim these tests were run by this audit,B09-B10; P0030
Cross-boot/library,boot identity,two clean starts;fixed accepted build,All current all-rank evidence within one boot,Hash source+runtime+plan manifest and replay fixed prompts; no opportunistic fresh autotuning,Proposed coverage; not a claim these tests were run by this audit,D04
Vision,image/prompt composition,one image alone;image with text/mixed images,Text scenario suite does not certify vision or image routing,"Hold image bytes/preprocess constant; compare vision output,router and target tokens",Proposed coverage; not a claim these tests were run by this audit,V08-V09
