operation,owner_and_call_path,logical_or_rank_shape,row_domain,production_implementation,dispatch_or_split_rule,ref2_or_candidate,determinism_evidence_and_limits,performance_evidence,alternative_or_next_action,sources
Token embedding,VocabParallelEmbedding -> ops.vocab_parallel_embedding,Padded vocabulary shard43136x5120; BF16 table,Scheduled token IDs; local output under SP,vLLM fused custom CUDA op on configured TP3; B12X method exists as fallback,B12xEmbeddingMethod subclasses UnquantizedEmbeddingMethod; CUDA TP>1 enables fused masking/gather; all-reduce or SP reduce-scatter,No separate replacement,One nonzero owner per token; different reduction case from dense rank partials; serving traces include downstream states,No isolated serving measurement,Distinguish prepared B12X embedding plans from actual fused call path,V01; V06; V30-V32
Target vocabulary projection,vLLM LogitsProcessor -> B12X bf16_vocab_projection,"BF16 weight [43136,5120] per TP3 rank",R sampled logit rows; Q selected prepared capacity,Triton row reduction or Torch F.linear,Default Triton Q=1 on eligible SM120/121; Torch otherwise; Q and R can differ,0038 duplicates R=1 to two rows and discards second result,Observed one-row rounding transition; ref2 serving traces pass within boot; library/restart scope open,No independent serving cost isolated for 0038,Retain padding until a faster projection satisfies the same tested contract,V13; B05-B07; P0038; D04
Target router GEMV,B12xLinearMethod -> bf16_gemv,"[384,5120]; BF16 inputs/weights; FP32 output","Gathered target rows, or compacted CED decoder rows; Q lookup",CuTe SIMT / TMA prefill,Q<256 SIMT; Q>=256 eligible TMA; exact-or-largest production lookup,0027 smallest capacity; ref2 SIMT; 0040 TMA at all capacities,Saved captured inputs pass candidate replay; kernel equality is finite evidence,Run58 M6 13.0 vs39.2 us; M4000 4875.4 vs1167.5 us (SIMT vsTMA),Use actual serving row distribution to weigh decode cost against prefill gain,V01; B01-B04; P0027; P0029; P0040; D06
Draft router GEMV,B12xLinearMethod -> bf16_gemv,"[128,5120]; FP32 output",Draft rows and prepared Q,CuTe SIMT,N128 excludes target TMA and ordinary MMA; FP32 output excludes Torch backend,Common SIMT override remains,Drafter batch invariance not certified,Not independently isolated,Measure only if draft routing is a limiting cost or required invariant,V01; V07; B01
Ratio-2 compressor value half,DeepseekCompressor._project -> bf16_gemv,"[512,5120] weight half; FP32 output",Source-layer projected query rows; Q exact-or-largest in production,CuTe SIMT / TMA; distinct call from gate half,Q256 TMA threshold for served N512; NOT N1024 threshold128,0027 lookup; 0029 override; 0040 TMA candidate,Current isolated replay concatenates halves into N1024: exact served path lacks equivalent isolated coverage,Do not use concatenated replay timing as this call timing,Replay this half and gate half together through serving _project,V02; B01; D06; P0027; P0029; P0040
Ratio-2 compressor gate half,DeepseekCompressor._project -> bf16_gemv,"[512,5120] other weight half; FP32 output",Same rows as value half,CuTe SIMT / TMA,"Two separate calls, independent weights; Q256 threshold",Same overrides as value half,Must compare both projected halves and subsequent ring/cache state,Not separately measured in saved concatenated replay,Replay exact split wrapper with captured operands,V02; B01; D06
Ratio-1 compressor,DeepseekCompressor._project -> bf16_gemv,"[512,5120]; BF16 output",KV-source work at CED boundary can precede compaction; later use depends on ownership,CuTe SIMT / Torch mm / TMA,Q<=8 SIMT; 8<Q<256 Torch; Q>=256 TMA,Ref2 SIMT; 0040 TMA,Captured ratio-1 replay exists; chunk/cache-state correctness requires serving traces,Run58 M6 18.4 vs39.3 us; M4000 9028.8 vs1538.1 us,Do not assign large-row savings to every decoder layer; only source owners project KV,V02; V03; B01; D06
Indexer head-weight projection,B12xLinearMethod -> bf16_gemv,"[32,5120]; BF16 output",Indexer query rows; source/reindex layers only,CuTe SIMT / Torch mm,Q<=8 SIMT; Q>8 Torch; small SIMT rows-per-tile2,Ref2 SIMT,Sampled GEMV replay plus serving traces,No separate end-to-end attribution,Retain arithmetic contract; only optimize if profiler ranks it,V01; V03; B01; D05
Indexer key projection,B12xLinearMethod -> bf16_gemv,"[128,512]; BF16 output",Index key rows on source-owner layers,CuTe SIMT / Torch mm,Q<=8 SIMT; Q>8 Torch,Ref2 SIMT,Sampled replay; state/selection invariance separate,No separate end-to-end attribution,Document ownership and compacted row domain before optimization,V01; V03; B01; D05
Fused query-A and KV projection,B12xFP8LinearMethod -> block_fp8_linear,"[1792,5120] replicated",Usually gathered rows; compressorless attention front may use local SP rows,B12X dense CuTe GEMM; dynamic activation quantization,Smallest prepared capacity; dense split policy by Q/shape/device; turbo atomic combine,0030 forces one K slice when default splits,Captured FP8 replays and ref2 traces; no universal tile-invariance proof,Dense family run55 C1 changed -3.2 ms; not this call alone,Keep quantization contract; split and tile controls are separate,V01; V03; B08-B10; P0030
Query-B projection,B12xFP8LinearMethod -> block_fp8_linear,"[12288,1280] per rank",Local attention query rows for each path; gathered full/compacted query domain,B12X block-FP8 dense CuTe,"24 local heads, not 64//3; capacity and split-K policy",0030,Ref2 all-rank serving traces pass sampled scenarios; early isolated FP8 replay uses a different geometry and unreliable label (see evidence-mismatches.md),No independent cost,Use TP3 padded head geometry in replay,V01; V03; V16; B08-B10
Indexer query-B projection,B12xFP8LinearMethod -> block_fp8_linear,"[4096,1280] replicated",Indexer query rows; local subsets can be scored under SP,B12X block-FP8 dense CuTe,Replicated construction; 32 index heads x128,0030,Ref2 serving traces pass sampled scenarios; early isolated FP8 replay wrongly shards this replicated projection to1376 outputs (see evidence-mismatches.md),No independent cost,Preserve replicated geometry and score ownership,V01; V03; B08-B10
Attention output projection WO,Native attention _o_proj -> wo_projection,3 local groups; rank1024; output H5120,Attention query rows after relevant compaction,"B12X inverse RoPE, activation conversion and two projection stages",Exact static decode plan or dynamic prefill; groups2 TP4 special tactic ineligible,No blanket replacement,392 saved replay cases reported one group,No isolated serving attribution,Retain tested path; do not apply TP4 tactic assumptions,V03; B18; D04
Shared expert gate/up,Inherited DeepseekV4MLP -> block_fp8_linear,"[1536,5120] per rank",Same MoE query rows; optional side stream,B12X dense CuTe,Capacity/split-K policy; overlap default threshold256 when enabled,"0030, production TMA fence already present",Old concurrent dense hazard fixed; arithmetic split-order remains production source of variation,Dense and overlap family totals only,"Benchmark alongside routed MoE, not just alone",V23; V20; V01; B10; D10
Shared expert activation,DeepseekV4MLP -> SiluAndMulWithClamp,Two 768-wide halves ->768; clamp10,Shared expert rows,vLLM custom CUDA extension _C.silu_and_mul_with_clamp,Distinct from routed fused activation,No separate replacement in ref2,Included in serving traces; no standalone general proof,Not isolated,Preserve clamp semantics,V23; V24
Shared expert down,DeepseekV4MLP -> block_fp8_linear,"[5120,768] per rank",Same shared expert rows,B12X dense CuTe,Turbo split-K policy plus concurrent routed stream,0030; r5o includes stage-read fence,Historical race reproduced under concurrency and removed in finite stress,Fence has no measured material serving overhead in recorded screens,Retain correctness fence in all configurations,V23; V01; B10; D10
Target routing selection,FusedTopKBiasRouter -> dsv4_topk,384 expert scores ->6 IDs and normalized weights,MoE rows,"vLLM specialized Triton sqrt-softplus/top-k, eligible target shapes","FP32 contiguous scores, correction bias, top6/renorm; image handling has separate logic",No wholesale replacement,Upstream logit rounding can alter weights even when IDs stay equal,Not separately isolated,"Check logits, IDs and weights independently",V21; V22; V06
Routed target MoE,vLLM fused_moe B12X integration -> W4A8-MX,"384 experts, top6, local intermediate768, H5120","Routed rows = query rows x6, plus packing/dead routes","B12X native FP4 weights, MXFP8 activations, fused SwiGLU, atomic combine",Tiny decode off; tile ladder depends on Q/routed rows and eligibility; six128 intermediate slices,"M0004-0009 deterministic patches, MB06 lookup,0034 capacity-only",Fixed combination passes sampled traces; production atomics remain nondeterministic,Run55 16K MoE +199 ms family; old partial-traffic estimate not current proof,Reduce workspace/partial traffic while preserving ownership and addition order,V19; B13-B14; M0004-M0009; MB06; P0034
Draft MoE and selection,DSpark model -> shared routing/MoE framework,"128 experts, top3; checkpoint draft layers40-42","Draft rows, not target verification rows",B12X expert compute; routing can fall back to vLLM custom operator,Does not satisfy ordinary target top6/384 fast routing predicate,Deterministic target mode does not certify drafter,Accepted draft length still batch-dependent,Acceptance changes throughput without target text changes,Separate draft/acceptance counters from target quality checks,V07; V19; V21; V22
mHC pre/post_pre mixing projection,B12xHyperConnection -> norm.mhc,4x5120 residual; FP32 mixing weight24x20480,Local L under encoder SP; full or compacted rows otherwise,B12X native lagged / native / TF32 TMA,Eligible Q<96 lagged;96..383 native;>=384 TF32;Q4096 projection splits4,"0033 capacity-only;0039 native lagged all capacities, partial grouping4/13",Prepared-plan transitions reproduced; candidate isolated replay passes on captured rows,Ref2 C1 +4.3 ms/step family; native recovery can harm prefill,Separate stable arithmetic from launch grouping; measure C1 and prefill,V01; B11-B12; P0033; P0039; D07
mHC post/collapse and RMS norms,B12xHyperConnection / B12xRMSNorm,"Residual width20480, hidden5120; norms include128/512/1280/5120",Local SP or compacted row domain,B12X hyperconnection/norm kernels,Post is not TF32 mixing projection; eligibility depends on expanded residual and norm weight,Mostly retained; capacity controls affect mHC owner,Norm sampled replay one group; does not independently certify all fused mHC ops,"Within mHC family, no isolated universal cost",Keep separate inventory entries from TF32 projection,V01; B11; D05
Sparse MLA target attention,Native attention -> compressed_sparse_mla,"24 heads/rank, head512;128 SWA plus up to512 selected keys",Per-request query metadata; full or CED-compacted query rows,B12X decode split/merge or extend single pass; auto FP8,Decode if max query<=6 in configured ordinary speculative mode; splits11 ratio0 or54 compressed upper bound,0035 forces extend while preserving compute choice,Ref2 serving traces pass; arbitrary KV-state and maximum-context invariance unproven,Ref2 C1 +1.3 ms net family,Recover fast split path only with compatible rounding across decode/extend,V03; V10; V27; B15-B16; P0035
Draft sparse attention,DSpark native sparse MLA,24 heads/rank; planned ratio0 index width192,Draft noncausal/window metadata,B12X attention with draft-specific metadata,192/12 =16 planned decode splits; actual valid keys may be fewer,Target invariant claims do not imply draft invariant,Drafter batch variability unresolved,Not independently attributed,Trace separately if draft variability limits target-serving performance,V07; V10; B15-B16
Indexer scores and top-k,Native V4.1 indexer -> B12X,Top512 logical positions; candidate domain16384 from2048 blocks x8,Local SP score rows or normal query rows; context controls score width,B12X score/selection kernels; native wrapper supplies chunks,Decode chunk64;prefill256;eligible short path1024; ratio2 context32768/32769 boundary,Production tie-break patch; no blanket new backend,Lowest logical-position exact ties fixed; upstream rounding still relevant,Not isolated,Replay source/reindex and candidate paths separately,V03; D10
KV quantization/RoPE/compressor ring,Native attention/compressor -> B12X helpers and vLLM state,Packed V4.1 KV; block256; ratio2 unfinished pairs,"Request-owned positions, prefix state, query/context lengths",B12X transforms/cache writes with model-specific ring management,"Ratio0/1/2, odd/even positions, source ownership; not a generic GEMM",Production vLLM0024 ring-write repair; ref2 chunk policy,"Requires sequential/cache scenarios, not only row permutation",No isolated timing,"Test odd prefix, split pair and cached chunk boundary",V02; V03; V28; D04
Small-message all-reduce,CudaCommunicator -> B12xRoceAllReduce -> RoCEnante,Contiguous supported tensors; max2MiB,All ranks same collective tensor geometry,B12X RoCE transport kernel; FP32 fixed-rank sum then cast,Size/alignment/dtype/device checks; fallback chain otherwise,Retained; ordered reduce-scatter seeks matching arithmetic,Fixed rank order in source; transport and readiness still correctness requirements,Run55 RoCE family +0.6 ms C1; overlap affects interpretation,Keep backend initialization and actual selected path in manifest,V17-V18; B17; B19
Sequence-parallel reduce-scatter,CudaCommunicator,"BF16 hidden [Tp,5120], TP3 chunks",Encoder SP T>=205 under configured healthy RoCE limit,Production NCCL or explicitly eligible alternate collective,Different arithmetic path from small all-reduce,0031 grouped P2P+FP32 rank-order sum;0041 Triton fused local sum,0041 local special-value tests passed; distributed acceptance separate,Run55 ordered-reduction family ~190 ms added at16K,Retain rank order; fuse launches/conversions; validate actual distributed path,V04; V17; P0031; P0041
All-gather,CudaCommunicator -> RoCEnante or fallback,Per-rank input limit4MiB; variable tensor width/dtype,Local SP rows L and gathered T; also index/projection tensors,B12X RoCE copy path or NCCL dispatch,BF16 width5120 L409/410 =>T1227/1228 threshold; other widths differ,No arithmetic sum in gather itself,Layout/padding consistency required; downstream arithmetic changes can matter,No independent critical-path measurement,Document size in bytes for each gathered tensor,V04; V17-V18; B17
Engram row lookup and staging,Native Engram/common reader,N-gram state and disk-backed table rows,Accepted tokens and source layers1/14,"CPU lookup/async I/O, staging/transfer, GPU synchronization",Disk mode/nonresident scales; reader overlap enabled; upstream overlap mode off,No blanket replacement,Request state and readiness hazards separate from floating reduction,No proof that it is current bottleneck,Measure actual wait and projection contributions before changing storage,V11; D01
Engram wkv projection/mix,Native Engram -> B12xFP8LinearMethod and fused mix,"wkv [8544,6144] local; logical output25600 padded25632",Projection gathered rows; mix can use local SP rows,B12X block-FP8 dense plus Engram-specific rowwise work,Projection TP on; padding/collective ownership matters,0030 applies relevant dense plans,Serving traces include target layers; no full independent Engram proof,Not independently isolated,Replay projected and mixed states separately if divergence appears,V11; V01; B08-B10
L2 prefetch,V4.1 wrapper -> GLM prefetch helper,"WO20MiB, FFN16MiB, next-layer20MiB budgets",Default eligible row count<=256,Side-stream quack/CuTe memory movement,SM121 default on; initialization can fail on dependency mismatch,Retained,Changes concurrency/traffic; should not alter arithmetic in correctly synchronized kernels,Recorded r5o baseline says active; standalone tests omit effect,Record successful initialization; keep serving-shaped overlap in stress,V12; V29; D03
DSpark head/projection and verification,DSpark native model / v2 runner,Target auxiliary layers37-39;3 draft layers;block5,"Draft rows, selected target verification positions, dynamic survival",NVFP4 vocabulary/Markov heads; vLLM Triton metadata/verification; TP projection,"Adaptive verification cost table, block rejection, dead-row threshold0.2","0037 blockscaled capacity targets draft heads, not BF16 target head",Draft acceptance varies; verified target sequence requires end-to-end checks,"Pinned cost table reduces policy confounding, not all workload variability","Track accepted tokens, attempted drafts and real verification work",V07; D01; P0037; D04
Temperature-zero sampling,v2 Sampler -> Gumbel/greedy path,Sharded/full logits as sampler receives them,Sampled R rows,vLLM Triton/Gumbel fallback; greedy argmax semantics,"FlashInfer eligibility excludes batches with greedy requests, explicit seeds and other conditions",No head-fix substitution for sampler correctness,Equal logits prerequisite; argmax ties/order also part of contract,Not independently isolated,Hold token IDs/options fixed; verify first logprob and tokens,V25-V26; D01
Scheduler/chunks/graphs,vLLM scheduler and v2 runner,"Budget4096,max8seq,graph capacities through48","P total,C computed,T live,G padded,Q plans,R logits all distinct",CPU scheduling plus CUDA graph/eager/piecewise execution,Production chunk boundaries influenced by neighbours; SP205 and CED128 separate,Ref2 aligned absolute4000 chunks; waits for budget,Within-boot mixed/cache scenarios pass; restart/long-prefix gaps remain,Additional chunks contribute work; not isolated from kernel changes,"Use boundary table and boot-keyed manifests, not prompt length alone",D01; D04; V14-V15; V04-V05
Vision tower and aligner,Native vl_model -> b12x_vision,Image-derived live patch bounds; replicated tower weights,One image/call; images can be distributed over TP ranks,"B12X BF16 linears,norm,GELU,RoPE,merge,varlen attention",Image shapes and capacity selection; max4images/request,No established image batch-invariant reference,Preventive TMA fence; text-only traces do not certify image path,No relevant image performance screen in this audit,Separate image suite before multimodal guarantee,V08-V09; D01; D10
Weight loading/packing/compiler cache,vLLM quant_config/B12X preparation/runtime,Checkpoint formats -> runtime layouts and compiled plans,Startup and warmup; not necessarily token path,"Python/Torch loaders, CuTe/Triton compilation, binary libraries","Source fingerprints, dtype/layout, device and capacities matter",Pin artifacts and emit selected plans per boot,A source pin alone does not establish cross-library/restart invariance,Startup cost distinct from decode/prefill,Record runtime versions and final plan configurations,V14-V15; V30; D02-D03
