saved_file,original_operation_label,mode,prepared_capacities,backend,dense_K_slices_if_present,recorded_config,scope
map-mhc-moe.txt,mhc,unspecified,1;2;3;4;5;6;7;8;10;12;14;15;16;20;21;24;25;28;30;32;35;40;42;48;49;56;72;96;192;384;768;1536;3072;4091,native,,"post MhcConfig(backend='native', projection_tile_m=16, projection_tile_n=8, projection_tile_k=256, projection_num_stages=1, projection_num_m_warps=1, projection_num_n_warps=1, projection_k_splits=1, lagged_prepare=False, part",Historical isolated replay; not a live serving inventory.
map-mhc-moe.txt,mhc,unspecified,4096,native,,"post MhcConfig(backend='native', projection_tile_m=64, projection_tile_n=24, projection_tile_k=64, projection_num_stages=2, projection_num_m_warps=4, projection_num_n_warps=1, projection_k_splits=4, lagged_prepare=False, part",Historical isolated replay; not a live serving inventory.
map-mhc-moe.txt,mhc,unspecified,1;2;3;4;5;6;7;8;10;12;14;15;16;20;21;24;25;28;30;32;35;40;42;48;49;56;72,native,,"post_pre MhcConfig(backend='native', projection_tile_m=16, projection_tile_n=8, projection_tile_k=256, projection_num_stages=1, projection_num_m_warps=1, projection_num_n_warps=1, projection_k_splits=1, lagged_prepare=True, parti",Historical isolated replay; not a live serving inventory.
map-mhc-moe.txt,mhc,unspecified,96;192,native,,"post_pre MhcConfig(backend='native', projection_tile_m=16, projection_tile_n=8, projection_tile_k=256, projection_num_stages=1, projection_num_m_warps=1, projection_num_n_warps=1, projection_k_splits=1, lagged_prepare=False, part",Historical isolated replay; not a live serving inventory.
map-mhc-moe.txt,mhc,unspecified,384;768;1536;3072;4091,tf32_tma,,"post_pre MhcConfig(backend='tf32_tma', projection_tile_m=16, projection_tile_n=8, projection_tile_k=256, projection_num_stages=1, projection_num_m_warps=1, projection_num_n_warps=1, projection_k_splits=1, lagged_prepare=False, pa",Historical isolated replay; not a live serving inventory.
map-mhc-moe.txt,mhc,unspecified,4096,tf32_tma,,"post_pre MhcConfig(backend='tf32_tma', projection_tile_m=64, projection_tile_n=24, projection_tile_k=64, projection_num_stages=2, projection_num_m_warps=4, projection_num_n_warps=1, projection_k_splits=4, lagged_prepare=False, pa",Historical isolated replay; not a live serving inventory.
map-mhc-moe.txt,mhc,unspecified,1;2;3;4;5;6;7;8;10;12;14;15;16;20;21;24;25;28;30;32;35;40;42;48;49;56;72,native,,"pre MhcConfig(backend='native', projection_tile_m=16, projection_tile_n=8, projection_tile_k=256, projection_num_stages=1, projection_num_m_warps=1, projection_num_n_warps=1, projection_k_splits=1, lagged_prepare=True, parti",Historical isolated replay; not a live serving inventory.
map-mhc-moe.txt,mhc,unspecified,96;192,native,,"pre MhcConfig(backend='native', projection_tile_m=16, projection_tile_n=8, projection_tile_k=256, projection_num_stages=1, projection_num_m_warps=1, projection_num_n_warps=1, projection_k_splits=1, lagged_prepare=False, part",Historical isolated replay; not a live serving inventory.
map-mhc-moe.txt,mhc,unspecified,384;768;1536;3072;4091,tf32_tma,,"pre MhcConfig(backend='tf32_tma', projection_tile_m=16, projection_tile_n=8, projection_tile_k=256, projection_num_stages=1, projection_num_m_warps=1, projection_num_n_warps=1, projection_k_splits=1, lagged_prepare=False, pa",Historical isolated replay; not a live serving inventory.
map-mhc-moe.txt,mhc,unspecified,4096,tf32_tma,,"pre MhcConfig(backend='tf32_tma', projection_tile_m=64, projection_tile_n=24, projection_tile_k=64, projection_num_stages=2, projection_num_m_warps=4, projection_num_n_warps=1, projection_k_splits=4, lagged_prepare=False, pa",Historical isolated replay; not a live serving inventory.
map-fp8-head.txt,fp8 query a+kv 1792x5120,default,1,cutedsl,1,"DenseGemmConfig(backend='cutedsl', tile_m=16, tile_n=64, tile_k=128, load_path='tma', swap_ab=False, split_k_slices=1, large_m_unroll=False, target_occupancy=None)",Historical isolated replay; not a live serving inventory.
map-fp8-head.txt,fp8 query a+kv 1792x5120,default,2;3;4;6;8,cutedsl,1,"DenseGemmConfig(backend='cutedsl', tile_m=16, tile_n=128, tile_k=128, load_path='tma', swap_ab=False, split_k_slices=1, large_m_unroll=False, target_occupancy=None)",Historical isolated replay; not a live serving inventory.
map-fp8-head.txt,fp8 query a+kv 1792x5120,default,12;16;20;24;28;32;40;48;128,cutedsl,1,"DenseGemmConfig(backend='cutedsl', tile_m=32, tile_n=128, tile_k=128, load_path='tma', swap_ab=False, split_k_slices=1, large_m_unroll=False, target_occupancy=None)",Historical isolated replay; not a live serving inventory.
map-fp8-head.txt,fp8 query a+kv 1792x5120,default,256;384,cutedsl,1,"DenseGemmConfig(backend='cutedsl', tile_m=64, tile_n=128, tile_k=128, load_path='tma', swap_ab=False, split_k_slices=1, large_m_unroll=False, target_occupancy=None)",Historical isolated replay; not a live serving inventory.
map-fp8-head.txt,fp8 query a+kv 1792x5120,default,512;640;768;896;1024,cutedsl,1,"DenseGemmConfig(backend='cutedsl', tile_m=128, tile_n=64, tile_k=128, load_path='tma', swap_ab=False, split_k_slices=1, large_m_unroll=False, target_occupancy=None)",Historical isolated replay; not a live serving inventory.
map-fp8-head.txt,fp8 query a+kv 1792x5120,default,4096,cutedsl,1,"DenseGemmConfig(backend='cutedsl', tile_m=64, tile_n=128, tile_k=128, load_path='tma', swap_ab=False, split_k_slices=1, large_m_unroll=True, target_occupancy=None)",Historical isolated replay; not a live serving inventory.
map-fp8-head.txt,fp8 query a+kv 1792x5120,one-slice,1,cutedsl,1,"DenseGemmConfig(backend='cutedsl', tile_m=16, tile_n=64, tile_k=128, load_path='tma', swap_ab=False, split_k_slices=1, large_m_unroll=False, target_occupancy=None)",Historical isolated replay; not a live serving inventory.
map-fp8-head.txt,fp8 query a+kv 1792x5120,one-slice,2;3;4;6;8,cutedsl,1,"DenseGemmConfig(backend='cutedsl', tile_m=16, tile_n=128, tile_k=128, load_path='tma', swap_ab=False, split_k_slices=1, large_m_unroll=False, target_occupancy=None)",Historical isolated replay; not a live serving inventory.
map-fp8-head.txt,fp8 query a+kv 1792x5120,one-slice,12;16;20;24;28;32;40;48;128,cutedsl,1,"DenseGemmConfig(backend='cutedsl', tile_m=32, tile_n=128, tile_k=128, load_path='tma', swap_ab=False, split_k_slices=1, large_m_unroll=False, target_occupancy=None)",Historical isolated replay; not a live serving inventory.
map-fp8-head.txt,fp8 query a+kv 1792x5120,one-slice,256;384,cutedsl,1,"DenseGemmConfig(backend='cutedsl', tile_m=64, tile_n=128, tile_k=128, load_path='tma', swap_ab=False, split_k_slices=1, large_m_unroll=False, target_occupancy=None)",Historical isolated replay; not a live serving inventory.
map-fp8-head.txt,fp8 query a+kv 1792x5120,one-slice,512;640;768;896;1024,cutedsl,1,"DenseGemmConfig(backend='cutedsl', tile_m=128, tile_n=64, tile_k=128, load_path='tma', swap_ab=False, split_k_slices=1, large_m_unroll=False, target_occupancy=None)",Historical isolated replay; not a live serving inventory.
map-fp8-head.txt,fp8 query a+kv 1792x5120,one-slice,4096,cutedsl,1,"DenseGemmConfig(backend='cutedsl', tile_m=64, tile_n=128, tile_k=128, load_path='tma', swap_ab=False, split_k_slices=1, large_m_unroll=True, target_occupancy=None)",Historical isolated replay; not a live serving inventory.
map-fp8-head.txt,fp8 query b r0 11264x1280,default,1,cutedsl,1,"DenseGemmConfig(backend='cutedsl', tile_m=16, tile_n=64, tile_k=128, load_path='tma', swap_ab=False, split_k_slices=1, large_m_unroll=False, target_occupancy=None)",Not exact serving geometry: script raw sharding yields10944 outputs from checkpoint; label11264 is hardcoded; serving12288.
map-fp8-head.txt,fp8 query b r0 11264x1280,default,2;3;4;6;8,cutedsl,1,"DenseGemmConfig(backend='cutedsl', tile_m=16, tile_n=128, tile_k=128, load_path='tma', swap_ab=False, split_k_slices=1, large_m_unroll=False, target_occupancy=None)",Not exact serving geometry: script raw sharding yields10944 outputs from checkpoint; label11264 is hardcoded; serving12288.
map-fp8-head.txt,fp8 query b r0 11264x1280,default,12;16;20;24;28;32;40;48;128,cutedsl,1,"DenseGemmConfig(backend='cutedsl', tile_m=32, tile_n=128, tile_k=128, load_path='tma', swap_ab=False, split_k_slices=1, large_m_unroll=False, target_occupancy=None)",Not exact serving geometry: script raw sharding yields10944 outputs from checkpoint; label11264 is hardcoded; serving12288.
map-fp8-head.txt,fp8 query b r0 11264x1280,default,256;384;512;640;768;896;1024,cutedsl,1,"DenseGemmConfig(backend='cutedsl', tile_m=64, tile_n=128, tile_k=128, load_path='tma', swap_ab=False, split_k_slices=1, large_m_unroll=False, target_occupancy=None)",Not exact serving geometry: script raw sharding yields10944 outputs from checkpoint; label11264 is hardcoded; serving12288.
map-fp8-head.txt,fp8 query b r0 11264x1280,default,4096,cutedsl,1,"DenseGemmConfig(backend='cutedsl', tile_m=64, tile_n=128, tile_k=128, load_path='tma', swap_ab=False, split_k_slices=1, large_m_unroll=True, target_occupancy=None)",Not exact serving geometry: script raw sharding yields10944 outputs from checkpoint; label11264 is hardcoded; serving12288.
map-fp8-head.txt,fp8 query b r0 11264x1280,one-slice,1,cutedsl,1,"DenseGemmConfig(backend='cutedsl', tile_m=16, tile_n=64, tile_k=128, load_path='tma', swap_ab=False, split_k_slices=1, large_m_unroll=False, target_occupancy=None)",Not exact serving geometry: script raw sharding yields10944 outputs from checkpoint; label11264 is hardcoded; serving12288.
map-fp8-head.txt,fp8 query b r0 11264x1280,one-slice,2;3;4;6;8,cutedsl,1,"DenseGemmConfig(backend='cutedsl', tile_m=16, tile_n=128, tile_k=128, load_path='tma', swap_ab=False, split_k_slices=1, large_m_unroll=False, target_occupancy=None)",Not exact serving geometry: script raw sharding yields10944 outputs from checkpoint; label11264 is hardcoded; serving12288.
map-fp8-head.txt,fp8 query b r0 11264x1280,one-slice,12;16;20;24;28;32;40;48;128,cutedsl,1,"DenseGemmConfig(backend='cutedsl', tile_m=32, tile_n=128, tile_k=128, load_path='tma', swap_ab=False, split_k_slices=1, large_m_unroll=False, target_occupancy=None)",Not exact serving geometry: script raw sharding yields10944 outputs from checkpoint; label11264 is hardcoded; serving12288.
map-fp8-head.txt,fp8 query b r0 11264x1280,one-slice,256;384;512;640;768;896;1024,cutedsl,1,"DenseGemmConfig(backend='cutedsl', tile_m=64, tile_n=128, tile_k=128, load_path='tma', swap_ab=False, split_k_slices=1, large_m_unroll=False, target_occupancy=None)",Not exact serving geometry: script raw sharding yields10944 outputs from checkpoint; label11264 is hardcoded; serving12288.
map-fp8-head.txt,fp8 query b r0 11264x1280,one-slice,4096,cutedsl,1,"DenseGemmConfig(backend='cutedsl', tile_m=64, tile_n=128, tile_k=128, load_path='tma', swap_ab=False, split_k_slices=1, large_m_unroll=True, target_occupancy=None)",Not exact serving geometry: script raw sharding yields10944 outputs from checkpoint; label11264 is hardcoded; serving12288.
map-fp8-head.txt,fp8 index query b r0 1376x1280,default,1,cutedsl,1,"DenseGemmConfig(backend='cutedsl', tile_m=16, tile_n=64, tile_k=128, load_path='tma', swap_ab=False, split_k_slices=1, large_m_unroll=False, target_occupancy=None)",Not exact serving geometry: replay shards indexer to1376; serving replicates4096.
map-fp8-head.txt,fp8 index query b r0 1376x1280,default,2;3;4;6;8;12;16;20;24;28;32;40;48;128,cutedsl,1,"DenseGemmConfig(backend='cutedsl', tile_m=64, tile_n=64, tile_k=128, load_path='tma', swap_ab=False, split_k_slices=1, large_m_unroll=False, target_occupancy=None)",Not exact serving geometry: replay shards indexer to1376; serving replicates4096.
map-fp8-head.txt,fp8 index query b r0 1376x1280,default,256;384;512;640;768;896;1024,cutedsl,1,"DenseGemmConfig(backend='cutedsl', tile_m=64, tile_n=128, tile_k=128, load_path='tma', swap_ab=False, split_k_slices=1, large_m_unroll=False, target_occupancy=None)",Not exact serving geometry: replay shards indexer to1376; serving replicates4096.
map-fp8-head.txt,fp8 index query b r0 1376x1280,default,4096,cutedsl,1,"DenseGemmConfig(backend='cutedsl', tile_m=64, tile_n=128, tile_k=128, load_path='tma', swap_ab=False, split_k_slices=1, large_m_unroll=True, target_occupancy=None)",Not exact serving geometry: replay shards indexer to1376; serving replicates4096.
map-fp8-head.txt,fp8 index query b r0 1376x1280,one-slice,1,cutedsl,1,"DenseGemmConfig(backend='cutedsl', tile_m=16, tile_n=64, tile_k=128, load_path='tma', swap_ab=False, split_k_slices=1, large_m_unroll=False, target_occupancy=None)",Not exact serving geometry: replay shards indexer to1376; serving replicates4096.
map-fp8-head.txt,fp8 index query b r0 1376x1280,one-slice,2;3;4;6;8;12;16;20;24;28;32;40;48;128,cutedsl,1,"DenseGemmConfig(backend='cutedsl', tile_m=64, tile_n=64, tile_k=128, load_path='tma', swap_ab=False, split_k_slices=1, large_m_unroll=False, target_occupancy=None)",Not exact serving geometry: replay shards indexer to1376; serving replicates4096.
map-fp8-head.txt,fp8 index query b r0 1376x1280,one-slice,256;384;512;640;768;896;1024,cutedsl,1,"DenseGemmConfig(backend='cutedsl', tile_m=64, tile_n=128, tile_k=128, load_path='tma', swap_ab=False, split_k_slices=1, large_m_unroll=False, target_occupancy=None)",Not exact serving geometry: replay shards indexer to1376; serving replicates4096.
map-fp8-head.txt,fp8 index query b r0 1376x1280,one-slice,4096,cutedsl,1,"DenseGemmConfig(backend='cutedsl', tile_m=64, tile_n=128, tile_k=128, load_path='tma', swap_ab=False, split_k_slices=1, large_m_unroll=True, target_occupancy=None)",Not exact serving geometry: replay shards indexer to1376; serving replicates4096.
map-fp8-head.txt,fp8 shared gate/up r0 1536x5120,default,1,cutedsl,1,"DenseGemmConfig(backend='cutedsl', tile_m=16, tile_n=64, tile_k=128, load_path='tma', swap_ab=False, split_k_slices=1, large_m_unroll=False, target_occupancy=None)",Historical isolated replay; not a live serving inventory.
map-fp8-head.txt,fp8 shared gate/up r0 1536x5120,default,2;3;4;6;8;12;16;20;24;28;32;40;48;128,cutedsl,1,"DenseGemmConfig(backend='cutedsl', tile_m=64, tile_n=64, tile_k=128, load_path='tma', swap_ab=False, split_k_slices=1, large_m_unroll=False, target_occupancy=None)",Historical isolated replay; not a live serving inventory.
map-fp8-head.txt,fp8 shared gate/up r0 1536x5120,default,256;384;512;640;768;896;1024,cutedsl,1,"DenseGemmConfig(backend='cutedsl', tile_m=64, tile_n=128, tile_k=128, load_path='tma', swap_ab=False, split_k_slices=1, large_m_unroll=False, target_occupancy=None)",Historical isolated replay; not a live serving inventory.
map-fp8-head.txt,fp8 shared gate/up r0 1536x5120,default,4096,cutedsl,1,"DenseGemmConfig(backend='cutedsl', tile_m=64, tile_n=128, tile_k=128, load_path='tma', swap_ab=False, split_k_slices=1, large_m_unroll=True, target_occupancy=None)",Historical isolated replay; not a live serving inventory.
map-fp8-head.txt,fp8 shared gate/up r0 1536x5120,one-slice,1,cutedsl,1,"DenseGemmConfig(backend='cutedsl', tile_m=16, tile_n=64, tile_k=128, load_path='tma', swap_ab=False, split_k_slices=1, large_m_unroll=False, target_occupancy=None)",Historical isolated replay; not a live serving inventory.
map-fp8-head.txt,fp8 shared gate/up r0 1536x5120,one-slice,2;3;4;6;8;12;16;20;24;28;32;40;48;128,cutedsl,1,"DenseGemmConfig(backend='cutedsl', tile_m=64, tile_n=64, tile_k=128, load_path='tma', swap_ab=False, split_k_slices=1, large_m_unroll=False, target_occupancy=None)",Historical isolated replay; not a live serving inventory.
map-fp8-head.txt,fp8 shared gate/up r0 1536x5120,one-slice,256;384;512;640;768;896;1024,cutedsl,1,"DenseGemmConfig(backend='cutedsl', tile_m=64, tile_n=128, tile_k=128, load_path='tma', swap_ab=False, split_k_slices=1, large_m_unroll=False, target_occupancy=None)",Historical isolated replay; not a live serving inventory.
map-fp8-head.txt,fp8 shared gate/up r0 1536x5120,one-slice,4096,cutedsl,1,"DenseGemmConfig(backend='cutedsl', tile_m=64, tile_n=128, tile_k=128, load_path='tma', swap_ab=False, split_k_slices=1, large_m_unroll=True, target_occupancy=None)",Historical isolated replay; not a live serving inventory.
map-fp8-head.txt,fp8 shared down r0 5120x768,default,1;2;3;4;6,cutedsl,1,"DenseGemmConfig(backend='cutedsl', tile_m=16, tile_n=64, tile_k=128, load_path='tma', swap_ab=False, split_k_slices=1, large_m_unroll=False, target_occupancy=None)",Historical isolated replay; not a live serving inventory.
map-fp8-head.txt,fp8 shared down r0 5120x768,default,8,cutedsl,1,"DenseGemmConfig(backend='cutedsl', tile_m=16, tile_n=128, tile_k=128, load_path='tma', swap_ab=False, split_k_slices=1, large_m_unroll=False, target_occupancy=None)",Historical isolated replay; not a live serving inventory.
map-fp8-head.txt,fp8 shared down r0 5120x768,default,12;16;20;24;28;32;40;48;128,cutedsl,1,"DenseGemmConfig(backend='cutedsl', tile_m=32, tile_n=128, tile_k=128, load_path='tma', swap_ab=False, split_k_slices=1, large_m_unroll=False, target_occupancy=None)",Historical isolated replay; not a live serving inventory.
map-fp8-head.txt,fp8 shared down r0 5120x768,default,256;384;512;640;768;896;1024,cutedsl,1,"DenseGemmConfig(backend='cutedsl', tile_m=64, tile_n=128, tile_k=128, load_path='tma', swap_ab=False, split_k_slices=1, large_m_unroll=False, target_occupancy=None)",Historical isolated replay; not a live serving inventory.
map-fp8-head.txt,fp8 shared down r0 5120x768,default,4096,cutedsl,1,"DenseGemmConfig(backend='cutedsl', tile_m=64, tile_n=128, tile_k=128, load_path='tma', swap_ab=False, split_k_slices=1, large_m_unroll=True, target_occupancy=None)",Historical isolated replay; not a live serving inventory.
map-fp8-head.txt,fp8 shared down r0 5120x768,one-slice,1;2;3;4;6,cutedsl,1,"DenseGemmConfig(backend='cutedsl', tile_m=16, tile_n=64, tile_k=128, load_path='tma', swap_ab=False, split_k_slices=1, large_m_unroll=False, target_occupancy=None)",Historical isolated replay; not a live serving inventory.
map-fp8-head.txt,fp8 shared down r0 5120x768,one-slice,8,cutedsl,1,"DenseGemmConfig(backend='cutedsl', tile_m=16, tile_n=128, tile_k=128, load_path='tma', swap_ab=False, split_k_slices=1, large_m_unroll=False, target_occupancy=None)",Historical isolated replay; not a live serving inventory.
map-fp8-head.txt,fp8 shared down r0 5120x768,one-slice,12;16;20;24;28;32;40;48;128,cutedsl,1,"DenseGemmConfig(backend='cutedsl', tile_m=32, tile_n=128, tile_k=128, load_path='tma', swap_ab=False, split_k_slices=1, large_m_unroll=False, target_occupancy=None)",Historical isolated replay; not a live serving inventory.
map-fp8-head.txt,fp8 shared down r0 5120x768,one-slice,256;384;512;640;768;896;1024,cutedsl,1,"DenseGemmConfig(backend='cutedsl', tile_m=64, tile_n=128, tile_k=128, load_path='tma', swap_ab=False, split_k_slices=1, large_m_unroll=False, target_occupancy=None)",Historical isolated replay; not a live serving inventory.
map-fp8-head.txt,fp8 shared down r0 5120x768,one-slice,4096,cutedsl,1,"DenseGemmConfig(backend='cutedsl', tile_m=64, tile_n=128, tile_k=128, load_path='tma', swap_ab=False, split_k_slices=1, large_m_unroll=True, target_occupancy=None)",Historical isolated replay; not a live serving inventory.
map-fp8-head.txt,fp8 engram wkv r0 8544x6144,default,1;2;3;4;6,cutedsl,2,"DenseGemmConfig(backend='cutedsl', tile_m=32, tile_n=64, tile_k=128, load_path='tma', swap_ab=False, split_k_slices=2, large_m_unroll=False, target_occupancy=None)",Historical isolated replay; not a live serving inventory.
map-fp8-head.txt,fp8 engram wkv r0 8544x6144,default,8,cutedsl,1,"DenseGemmConfig(backend='cutedsl', tile_m=16, tile_n=128, tile_k=128, load_path='tma', swap_ab=False, split_k_slices=1, large_m_unroll=False, target_occupancy=None)",Historical isolated replay; not a live serving inventory.
map-fp8-head.txt,fp8 engram wkv r0 8544x6144,default,12;16;20;24;28;32;40;48;128,cutedsl,1,"DenseGemmConfig(backend='cutedsl', tile_m=32, tile_n=128, tile_k=128, load_path='tma', swap_ab=False, split_k_slices=1, large_m_unroll=False, target_occupancy=None)",Historical isolated replay; not a live serving inventory.
map-fp8-head.txt,fp8 engram wkv r0 8544x6144,default,256;384;512;640;768;896;1024,cutedsl,1,"DenseGemmConfig(backend='cutedsl', tile_m=64, tile_n=128, tile_k=128, load_path='tma', swap_ab=False, split_k_slices=1, large_m_unroll=False, target_occupancy=None)",Historical isolated replay; not a live serving inventory.
map-fp8-head.txt,fp8 engram wkv r0 8544x6144,default,4096,cutedsl,1,"DenseGemmConfig(backend='cutedsl', tile_m=64, tile_n=128, tile_k=128, load_path='tma', swap_ab=False, split_k_slices=1, large_m_unroll=True, target_occupancy=None)",Historical isolated replay; not a live serving inventory.
map-fp8-head.txt,fp8 engram wkv r0 8544x6144,one-slice,1;2;3;4;6,cutedsl,1,"DenseGemmConfig(backend='cutedsl', tile_m=32, tile_n=64, tile_k=128, load_path='tma', swap_ab=False, split_k_slices=1, large_m_unroll=False, target_occupancy=None)",Historical isolated replay; not a live serving inventory.
map-fp8-head.txt,fp8 engram wkv r0 8544x6144,one-slice,8,cutedsl,1,"DenseGemmConfig(backend='cutedsl', tile_m=16, tile_n=128, tile_k=128, load_path='tma', swap_ab=False, split_k_slices=1, large_m_unroll=False, target_occupancy=None)",Historical isolated replay; not a live serving inventory.
map-fp8-head.txt,fp8 engram wkv r0 8544x6144,one-slice,12;16;20;24;28;32;40;48;128,cutedsl,1,"DenseGemmConfig(backend='cutedsl', tile_m=32, tile_n=128, tile_k=128, load_path='tma', swap_ab=False, split_k_slices=1, large_m_unroll=False, target_occupancy=None)",Historical isolated replay; not a live serving inventory.
map-fp8-head.txt,fp8 engram wkv r0 8544x6144,one-slice,256;384;512;640;768;896;1024,cutedsl,1,"DenseGemmConfig(backend='cutedsl', tile_m=64, tile_n=128, tile_k=128, load_path='tma', swap_ab=False, split_k_slices=1, large_m_unroll=False, target_occupancy=None)",Historical isolated replay; not a live serving inventory.
map-fp8-head.txt,fp8 engram wkv r0 8544x6144,one-slice,4096,cutedsl,1,"DenseGemmConfig(backend='cutedsl', tile_m=64, tile_n=128, tile_k=128, load_path='tma', swap_ab=False, split_k_slices=1, large_m_unroll=True, target_occupancy=None)",Historical isolated replay; not a live serving inventory.
map-fp8-head.txt,lm head,unspecified,1,simt,,"GemvConfig(backend='simt', rows_per_tile=8)",Historical generic GEMV replay is superseded by later served BF16 vocabulary-projection replay.
map-fp8-head.txt,lm head,unspecified,2,simt,,"GemvConfig(backend='simt', rows_per_tile=8)",Historical generic GEMV replay is superseded by later served BF16 vocabulary-projection replay.
map-fp8-head.txt,lm head,unspecified,3,simt,,"GemvConfig(backend='simt', rows_per_tile=8)",Historical generic GEMV replay is superseded by later served BF16 vocabulary-projection replay.
map-fp8-head.txt,lm head,unspecified,4,simt,,"GemvConfig(backend='simt', rows_per_tile=8)",Historical generic GEMV replay is superseded by later served BF16 vocabulary-projection replay.
map-fp8-head.txt,lm head,unspecified,6,simt,,"GemvConfig(backend='simt', rows_per_tile=8)",Historical generic GEMV replay is superseded by later served BF16 vocabulary-projection replay.
map-fp8-head.txt,lm head,unspecified,8,simt,,"GemvConfig(backend='simt', rows_per_tile=8)",Historical generic GEMV replay is superseded by later served BF16 vocabulary-projection replay.
gemv-replay-run58.jsonl,router gate 384x5120 fp32,production,1;2;3;4;5;6;7;8,simt,,"GemvConfig(backend='simt', rows_per_tile=4)",Historical isolated replay; not a live serving inventory.
gemv-replay-run58.jsonl,router gate 384x5120 fp32,production,10;12;14;15;16;20;21;24;25;28;30;32;35;40;42;48;49;56;72;96;192,simt,,"GemvConfig(backend='simt', rows_per_tile=8)",Historical isolated replay; not a live serving inventory.
gemv-replay-run58.jsonl,router gate 384x5120 fp32,production,384;768;1536;3072;4091;4096,prefill,,"GemvConfig(backend='prefill', rows_per_tile=8)",Historical isolated replay; not a live serving inventory.
gemv-replay-run58.jsonl,router gate 384x5120 fp32,ref2,1;2;3;4;5;6;7;8;10;12;14;15;16;20;21;24;25;28;30;32;35;40;42;48;49;56;72;96;192;384;768;1536;3072;4091;4096,simt,,"GemvConfig(backend='simt', rows_per_tile=8)",Historical isolated replay; not a live serving inventory.
gemv-replay-run58.jsonl,router gate 384x5120 fp32,prefill,1;2;3;4;5;6;7;8;10;12;14;15;16;20;21;24;25;28;30;32;35;40;42;48;49;56;72;96;192;384;768;1536;3072;4091;4096,prefill,,"GemvConfig(backend='prefill', rows_per_tile=8)",Historical isolated replay; not a live serving inventory.
gemv-replay-run58.jsonl,router gate 384x5120 fp32,mma,1;2;3;4;5;6;7;8;10;12;14;15;16;20;21;24;25;28;30;32;35;40;42;48;49;56;72;96;192;384;768;1536;3072;4091;4096,mma,,"GemvConfig(backend='mma', rows_per_tile=8)",Historical isolated replay; not a live serving inventory.
gemv-replay-run58.jsonl,compressor ratio-2 1024x5120 fp32,production,1;2;3;4;5;6;7;8;10;12;14;15;16;20;21;24;25;28;30;32;35;40;42;48;49;56;72;96,simt,,"GemvConfig(backend='simt', rows_per_tile=8)",Concatenated replay; serving ratio2 executes two N512 FP32 calls.
gemv-replay-run58.jsonl,compressor ratio-2 1024x5120 fp32,production,192;384;768;1536;3072;4091;4096,prefill,,"GemvConfig(backend='prefill', rows_per_tile=8)",Concatenated replay; serving ratio2 executes two N512 FP32 calls.
gemv-replay-run58.jsonl,compressor ratio-2 1024x5120 fp32,ref2,1;2;3;4;5;6;7;8;10;12;14;15;16;20;21;24;25;28;30;32;35;40;42;48;49;56;72;96;192;384;768;1536;3072;4091;4096,simt,,"GemvConfig(backend='simt', rows_per_tile=8)",Concatenated replay; serving ratio2 executes two N512 FP32 calls.
gemv-replay-run58.jsonl,compressor ratio-2 1024x5120 fp32,prefill,1;2;3;4;5;6;7;8;10;12;14;15;16;20;21;24;25;28;30;32;35;40;42;48;49;56;72;96;192;384;768;1536;3072;4091;4096,prefill,,"GemvConfig(backend='prefill', rows_per_tile=8)",Concatenated replay; serving ratio2 executes two N512 FP32 calls.
gemv-replay-run58.jsonl,compressor ratio-2 1024x5120 fp32,mma,1;2;3;4;5;6;7;8;10;12;14;15;16;20;21;24;25;28;30;32;35;40;42;48;49;56;72;96;192;384;768;1536;3072;4091;4096,mma,,"GemvConfig(backend='mma', rows_per_tile=8)",Concatenated replay; serving ratio2 executes two N512 FP32 calls.
gemv-replay-run58.jsonl,compressor ratio-1 512x5120 bf16,production,1;2;3;4;5;6;7;8,simt,,"GemvConfig(backend='simt', rows_per_tile=4)",Historical isolated replay; not a live serving inventory.
gemv-replay-run58.jsonl,compressor ratio-1 512x5120 bf16,production,10;12;14;15;16;20;21;24;25;28;30;32;35;40;42;48;49;56;72;96;192,torch,,"GemvConfig(backend='torch', rows_per_tile=8)",Historical isolated replay; not a live serving inventory.
gemv-replay-run58.jsonl,compressor ratio-1 512x5120 bf16,production,384;768;1536;3072;4091;4096,prefill,,"GemvConfig(backend='prefill', rows_per_tile=8)",Historical isolated replay; not a live serving inventory.
gemv-replay-run58.jsonl,compressor ratio-1 512x5120 bf16,ref2,1;2;3;4;5;6;7;8;10;12;14;15;16;20;21;24;25;28;30;32;35;40;42;48;49;56;72;96;192;384;768;1536;3072;4091;4096,simt,,"GemvConfig(backend='simt', rows_per_tile=8)",Historical isolated replay; not a live serving inventory.
gemv-replay-run58.jsonl,compressor ratio-1 512x5120 bf16,prefill,1;2;3;4;5;6;7;8;10;12;14;15;16;20;21;24;25;28;30;32;35;40;42;48;49;56;72;96;192;384;768;1536;3072;4091;4096,prefill,,"GemvConfig(backend='prefill', rows_per_tile=8)",Historical isolated replay; not a live serving inventory.
gemv-replay-run58.jsonl,compressor ratio-1 512x5120 bf16,mma,1;2;3;4;5;6;7;8;10;12;14;15;16;20;21;24;25;28;30;32;35;40;42;48;49;56;72;96;192;384;768;1536;3072;4091;4096,mma,,"GemvConfig(backend='mma', rows_per_tile=8)",Historical isolated replay; not a live serving inventory.
map-gemv-norm.txt,gemv router gate 384x5120 fp32,default,1;2;3;4;5;6;7;8,simt,,"GemvConfig(backend='simt', rows_per_tile=4)",Historical isolated replay; not a live serving inventory.
map-gemv-norm.txt,gemv router gate 384x5120 fp32,default,10;12;14;15;16;20;21;24;25;28;30;32;35;40;42;48;49;56;72;96;192,simt,,"GemvConfig(backend='simt', rows_per_tile=8)",Historical isolated replay; not a live serving inventory.
map-gemv-norm.txt,gemv router gate 384x5120 fp32,default,384;768;1536;3072;4091;4096,prefill,,"GemvConfig(backend='prefill', rows_per_tile=8)",Historical isolated replay; not a live serving inventory.
map-gemv-norm.txt,gemv router gate 384x5120 fp32,bi,1;2;3;4;5;6;7;8,simt,,"GemvConfig(backend='simt', rows_per_tile=4)",Historical isolated replay; not a live serving inventory.
map-gemv-norm.txt,gemv router gate 384x5120 fp32,bi,10;12;14;15;16;20;21;24;25;28;30;32;35;40;42;48;49;56;72;96;192,simt,,"GemvConfig(backend='simt', rows_per_tile=8)",Historical isolated replay; not a live serving inventory.
map-gemv-norm.txt,gemv router gate 384x5120 fp32,bi,384;768;1536;3072;4091;4096,prefill,,"GemvConfig(backend='prefill', rows_per_tile=8)",Historical isolated replay; not a live serving inventory.
map-gemv-norm.txt,gemv router gate 384x5120 fp32,simt,1;2;3;4;5;6;7;8;10;12;14;15;16;20;21;24;25;28;30;32;35;40;42;48;49;56;72;96;192;384;768;1536;3072;4091;4096,simt,,"GemvConfig(backend='simt', rows_per_tile=8)",Historical isolated replay; not a live serving inventory.
map-gemv-norm.txt,gemv compressor ratio-2 1024x5120 fp32,default,1;2;3;4;5;6;7;8;10;12;14;15;16;20;21;24;25;28;30;32;35;40;42;48;49;56;72;96,simt,,"GemvConfig(backend='simt', rows_per_tile=8)",Concatenated replay; serving ratio2 executes two N512 FP32 calls.
map-gemv-norm.txt,gemv compressor ratio-2 1024x5120 fp32,default,192;384;768;1536;3072;4091;4096,prefill,,"GemvConfig(backend='prefill', rows_per_tile=8)",Concatenated replay; serving ratio2 executes two N512 FP32 calls.
map-gemv-norm.txt,gemv compressor ratio-2 1024x5120 fp32,bi,1;2;3;4;5;6;7;8;10;12;14;15;16;20;21;24;25;28;30;32;35;40;42;48;49;56;72;96,simt,,"GemvConfig(backend='simt', rows_per_tile=8)",Concatenated replay; serving ratio2 executes two N512 FP32 calls.
map-gemv-norm.txt,gemv compressor ratio-2 1024x5120 fp32,bi,192;384;768;1536;3072;4091;4096,prefill,,"GemvConfig(backend='prefill', rows_per_tile=8)",Concatenated replay; serving ratio2 executes two N512 FP32 calls.
map-gemv-norm.txt,gemv compressor ratio-2 1024x5120 fp32,simt,1;2;3;4;5;6;7;8;10;12;14;15;16;20;21;24;25;28;30;32;35;40;42;48;49;56;72;96;192;384;768;1536;3072;4091;4096,simt,,"GemvConfig(backend='simt', rows_per_tile=8)",Concatenated replay; serving ratio2 executes two N512 FP32 calls.
map-gemv-norm.txt,gemv index weights 32x5120 bf16,default,1;2;3;4;5;6;7;8,simt,,"GemvConfig(backend='simt', rows_per_tile=2)",Historical isolated replay; not a live serving inventory.
map-gemv-norm.txt,gemv index weights 32x5120 bf16,default,10;12;14;15;16;20;21;24;25;28;30;32;35;40;42;48;49;56;72;96;192;384;768;1536;3072;4091;4096,torch,,"GemvConfig(backend='torch', rows_per_tile=8)",Historical isolated replay; not a live serving inventory.
map-gemv-norm.txt,gemv index weights 32x5120 bf16,bi,1;2;3;4;5;6;7;8;10;12;14;15;16;20;21;24;25;28;30;32;35;40;42;48;49;56;72;96;192,simt,,"GemvConfig(backend='simt', rows_per_tile=8)",Historical isolated replay; not a live serving inventory.
map-gemv-norm.txt,gemv index weights 32x5120 bf16,bi,384;768;1536;3072;4091;4096,torch,,"GemvConfig(backend='torch', rows_per_tile=8)",Historical isolated replay; not a live serving inventory.
map-gemv-norm.txt,gemv index weights 32x5120 bf16,simt,1;2;3;4;5;6;7;8;10;12;14;15;16;20;21;24;25;28;30;32;35;40;42;48;49;56;72;96;192;384;768;1536;3072;4091;4096,simt,,"GemvConfig(backend='simt', rows_per_tile=8)",Historical isolated replay; not a live serving inventory.
map-gemv-norm.txt,gemv compressor ratio-1 512x5120 bf16,default,1;2;3;4;5;6;7;8,simt,,"GemvConfig(backend='simt', rows_per_tile=4)",Historical isolated replay; not a live serving inventory.
map-gemv-norm.txt,gemv compressor ratio-1 512x5120 bf16,default,10;12;14;15;16;20;21;24;25;28;30;32;35;40;42;48;49;56;72;96;192,torch,,"GemvConfig(backend='torch', rows_per_tile=8)",Historical isolated replay; not a live serving inventory.
map-gemv-norm.txt,gemv compressor ratio-1 512x5120 bf16,default,384;768;1536;3072;4091;4096,prefill,,"GemvConfig(backend='prefill', rows_per_tile=8)",Historical isolated replay; not a live serving inventory.
map-gemv-norm.txt,gemv compressor ratio-1 512x5120 bf16,bi,1;2;3;4;5;6;7;8;10;12;14;15;16;20;21;24;25;28;30;32;35;40;42;48;49;56;72;96;192,simt,,"GemvConfig(backend='simt', rows_per_tile=8)",Historical isolated replay; not a live serving inventory.
map-gemv-norm.txt,gemv compressor ratio-1 512x5120 bf16,bi,384;768;1536;3072;4091;4096,prefill,,"GemvConfig(backend='prefill', rows_per_tile=8)",Historical isolated replay; not a live serving inventory.
map-gemv-norm.txt,gemv compressor ratio-1 512x5120 bf16,simt,1;2;3;4;5;6;7;8;10;12;14;15;16;20;21;24;25;28;30;32;35;40;42;48;49;56;72;96;192;384;768;1536;3072;4091;4096,simt,,"GemvConfig(backend='simt', rows_per_tile=8)",Historical isolated replay; not a live serving inventory.
map-gemv-norm.txt,gemv index key 128x512 bf16,default,1;2;3;4;5;6;7;8,simt,,"GemvConfig(backend='simt', rows_per_tile=8)",Historical isolated replay; not a live serving inventory.
map-gemv-norm.txt,gemv index key 128x512 bf16,default,10;12;14;15;16;20;21;24;25;28;30;32;35;40;42;48;49;56;72;96;192;384;768;1536;3072;4091;4096,torch,,"GemvConfig(backend='torch', rows_per_tile=8)",Historical isolated replay; not a live serving inventory.
map-gemv-norm.txt,gemv index key 128x512 bf16,bi,1;2;3;4;5;6;7;8;10;12;14;15;16;20;21;24;25;28;30;32;35;40;42;48;49;56;72;96;192,simt,,"GemvConfig(backend='simt', rows_per_tile=8)",Historical isolated replay; not a live serving inventory.
map-gemv-norm.txt,gemv index key 128x512 bf16,bi,384;768;1536;3072;4091;4096,torch,,"GemvConfig(backend='torch', rows_per_tile=8)",Historical isolated replay; not a live serving inventory.
map-gemv-norm.txt,gemv index key 128x512 bf16,simt,1;2;3;4;5;6;7;8;10;12;14;15;16;20;21;24;25;28;30;32;35;40;42;48;49;56;72;96;192;384;768;1536;3072;4091;4096,simt,,"GemvConfig(backend='simt', rows_per_tile=8)",Historical isolated replay; not a live serving inventory.
