1791270790.415799776,33.73,2496,55,65200
1791270790.957451721,33.95,2496,55,65000
1791270791.495785269,34.00,2496,55,64900
1791270792.041808345,32.86,2496,54,61900
1791270792.591413800,32.23,2496,55,61600
1791270793.139635784,34.51,2496,55,62500
1791270793.681762111,36.38,2496,55,64000
1791270794.225208276,36.40,2496,55,64800
1791270794.764888318,36.45,2496,55,65300
1791270795.312375790,36.49,2496,55,65500
1791270795.861740667,36.43,2496,55,65800
1791270796.408288236,36.54,2496,55,66000
1791270796.953249422,36.65,2496,55,66100
1791270797.497183042,36.61,2496,55,66200
1791270798.046927118,35.90,2496,55,66400
1791270798.589818674,35.43,2496,55,66500
1791270799.137759584,35.14,2496,55,66500
1791270799.683150160,34.62,2496,55,66400
1791270800.223334726,34.13,2496,55,66500
1791270800.766012186,34.28,2496,55,66600
1791270801.309807883,35.87,2496,55,66700
1791270801.852171839,36.42,2496,55,66800
1791270802.396818815,36.46,2496,55,66800
1791270802.940644480,36.42,2496,55,66800
1791270803.482816690,36.36,2496,55,66800
1791270804.026358179,36.52,2496,55,66800
1791270804.571257202,36.49,2496,55,66700
1791270805.113906915,36.55,2496,55,66700
1791270805.657068164,36.66,2496,55,66700
1791270806.204635471,36.80,2496,55,66700
1791270806.744307187,36.21,2496,55,66700
1791270807.285956916,35.48,2496,55,66700
1791270807.832898528,35.16,2496,55,66700
1791270808.374089425,34.75,2496,55,66800
1791270808.921130540,34.58,2496,55,66700
1791270809.466576456,33.60,2476,55,66500
1791270810.015431088,34.83,2496,55,66500
1791270810.558919373,36.50,2496,55,66300
1791270811.107874981,36.54,2496,55,66300
1791270811.654670990,36.56,2496,55,66100
1791270812.202199095,36.54,2496,55,66100
1791270812.748783040,36.44,2496,55,66400
1791270813.292612908,36.59,2496,55,66500
1791270813.840058932,36.73,2496,56,66700
1791270814.384076672,36.71,2496,55,66800
1791270814.935251411,36.36,2496,55,66800
1791270815.484329656,35.62,2496,55,66800
1791270816.034330012,35.35,2496,55,66800
1791270816.582027522,34.85,2496,55,66800
1791270817.127884266,34.48,2496,55,66400
1791270817.672135220,33.19,2496,53,66300
1791270818.197559748,35.09,2489,56,63400
1791270818.733960247,37.85,2489,56,63700
1791270819.278972383,36.88,2489,56,64200
1791270819.824593318,36.80,2489,56,65500
1791270820.373542537,37.12,2489,56,66000
1791270820.914173046,36.89,2489,56,66300
1791270821.454772099,36.75,2489,56,66500
1791270821.999612426,36.77,2489,56,66600
1791270822.542438356,36.60,2489,55,66700
1791270823.079046436,36.89,2489,56,66700
1791270823.617230371,36.81,2489,56,66700
1791270824.159846572,36.69,2489,55,66800
1791270824.708504077,36.97,2489,55,66800
1791270825.265156981,37.09,2489,56,66700
1791270825.814828357,37.12,2489,55,66800
1791270826.367338561,37.20,2489,56,66800
1791270826.916473602,36.98,2489,56,66800
1791270827.452353601,36.83,2489,55,66800
1791270828.012847027,36.82,2489,56,66800
1791270828.558302087,37.15,2489,55,66700
1791270829.113563663,37.09,2489,55,66600
1791270829.663481181,36.83,2489,56,66300
1791270830.212869115,36.98,2489,56,66300
1791270830.757886334,36.92,2489,55,66200
1791270831.290610320,37.01,2489,56,66500
1791270831.839297743,36.98,2489,55,66600
1791270832.383159395,36.58,2489,56,66600
1791270832.932754080,36.53,2489,56,66400
1791270833.475112901,36.77,2489,56,66500
1791270834.023861523,36.52,2489,56,66500
1791270834.566762999,36.61,2496,56,66600
1791270835.114233493,37.34,2496,56,66500
1791270835.658777751,37.61,2496,56,66500
1791270836.213519325,37.18,2496,56,66500
1791270836.757922862,36.56,2496,55,66600
1791270837.298360708,33.54,2496,55,66700
1791270837.845012083,34.83,2489,56,66800
1791270838.392091392,37.38,2489,56,66800
1791270838.937243776,36.63,2489,56,66800
1791270839.475675976,36.54,2489,56,66800
1791270840.022760709,36.76,2489,57,66800
1791270840.570113553,36.67,2489,56,66800
1791270841.115760543,36.55,2489,56,66900
1791270841.658363313,37.13,2489,56,66800
1791270842.195936088,37.05,2489,56,66800
1791270842.742690581,36.85,2489,56,66800
1791270843.291222014,36.84,2489,56,66800
1791270843.845321009,36.82,2489,56,66800
1791270844.388312801,36.83,2489,56,66800
1791270844.929524051,36.89,2489,56,66800
1791270845.476188446,37.30,2489,56,66900
1791270846.022885050,37.39,2489,56,66900
1791270846.565532985,37.19,2489,56,66900
1791270847.109298487,37.16,2489,55,66900
1791270847.658823246,37.02,2489,56,66900
1791270848.219012407,36.71,2489,56,67000
1791270848.767118928,37.08,2489,55,67000
1791270849.307391361,36.95,2489,56,67100
1791270849.857300070,36.79,2489,56,66900
1791270850.405198190,36.64,2489,56,66900
1791270850.959441598,36.97,2489,56,66900
1791270851.497313969,36.87,2489,56,67000
1791270852.055674251,36.70,2489,56,66900
1791270852.599919927,36.79,2489,56,66900
1791270853.150775225,36.79,2489,56,67000
1791270853.700194958,36.55,2483,56,67100
1791270854.256220410,37.12,2489,56,67000
1791270854.807574972,37.91,2496,56,67000
1791270855.356566240,37.72,2496,56,66900
1791270855.902223768,36.66,2496,56,67000
1791270856.443683877,35.00,2496,55,66900
1791270856.983104405,35.63,2489,56,64100
1791270857.522374468,37.34,2489,56,62600
1791270858.067825579,36.84,2489,56,63400
1791270858.609599575,36.86,2489,56,64500
1791270859.154207295,36.85,2489,56,65900
1791270859.705045439,36.74,2489,56,66300
1791270860.247597738,37.13,2489,56,66600
1791270860.796407212,37.49,2489,56,66700
1791270861.333370300,37.20,2489,56,66900
1791270861.885249435,37.19,2489,56,67000
1791270862.429604722,37.04,2489,56,66900
1791270862.990292757,36.77,2489,56,67000
1791270863.540347348,36.98,2489,56,67200
1791270864.090467140,37.18,2489,56,67000
1791270864.628087938,36.99,2489,56,67000
1791270865.173843302,36.86,2489,55,67000
1791270865.719841850,36.96,2489,56,66900
1791270866.259215910,36.77,2489,56,66900
1791270866.816297499,36.65,2489,55,66800
1791270867.361491712,36.94,2489,56,66800
1791270867.910671567,37.34,2489,56,66800
1791270868.454865395,37.22,2489,55,66800
1791270868.997507930,36.85,2489,56,66900
1791270869.543130845,36.76,2489,56,67000
1791270870.090403805,36.70,2489,56,66900
1791270870.637330926,36.80,2489,56,66900
1791270871.179805204,36.81,2489,57,66800
1791270871.735757993,36.63,2489,56,66800
1791270872.284007047,36.85,2489,56,66800
1791270872.825389678,37.00,2489,56,66800
1791270873.368409282,37.05,2496,56,66800
1791270873.917084432,37.38,2496,56,66900
1791270874.466702140,37.35,2496,56,66800
1791270875.014398314,37.21,2496,56,66800
1791270875.564182869,36.43,2496,56,66900
1791270876.106182857,28.80,2398,52,63600
1791270876.630400420,16.15,2405,52,58500
1791270877.154491342,11.67,2405,51,56900
1791270877.678634248,11.58,2405,51,55100
1791271084.172018248,34.00,2496,55,65200
1791271084.712200716,34.13,2496,55,65000
1791271085.253571663,34.29,2496,55,65000
1791271085.799236396,31.97,2470,55,64500
1791271086.344281850,31.19,2496,55,64300
1791271086.891108453,34.86,2496,55,64600
1791271087.430236827,36.68,2496,55,64600
1791271087.978965075,36.75,2496,55,64700
1791271088.526033037,36.78,2496,55,64900
1791271089.074960357,36.83,2496,55,65100
1791271089.616561511,36.81,2496,55,65200
1791271090.159507686,36.89,2496,55,65100
1791271090.705311586,36.98,2496,56,65100
1791271091.246692931,36.80,2496,55,65000
1791271091.793881772,36.16,2496,55,65000
1791271092.341251029,35.80,2496,55,65000
1791271092.887932447,35.40,2496,55,64900
1791271093.433752698,34.97,2496,55,64800
1791271093.978815974,34.31,2496,55,64900
1791271094.523027154,34.51,2489,55,64900
1791271095.071693561,36.10,2496,55,64900
1791271095.612857018,36.79,2496,55,65200
1791271096.155760952,36.93,2496,55,65400
1791271096.696699624,36.81,2496,55,65600
1791271097.238661287,36.82,2496,56,65700
1791271097.782648372,36.87,2496,56,65800
1791271098.332062520,36.81,2496,55,65800
1791271098.876036660,36.87,2496,56,65800
1791271099.421348846,37.00,2496,56,65800
1791271099.966470056,36.89,2496,55,65800
1791271100.509755045,36.24,2496,55,65800
1791271101.056728636,35.73,2496,55,65800
1791271101.596167582,35.31,2496,55,65400
1791271102.139029098,35.01,2496,55,65200
1791271102.680803608,34.14,2489,55,65300
1791271103.232225017,34.93,2496,55,65400
1791271103.774254246,36.56,2496,55,65600
1791271104.321713820,36.80,2496,55,65700
1791271104.866749733,36.75,2496,56,65700
1791271105.414710154,36.81,2496,56,65300
1791271105.965594827,36.75,2496,56,65200
1791271106.510768259,36.81,2496,55,65000
1791271107.055027357,36.99,2496,56,65000
1791271107.598671831,36.98,2496,56,65000
1791271108.149105512,36.76,2496,55,65200
1791271108.693139665,36.15,2496,55,65400
1791271109.241527797,35.87,2496,55,65600
1791271109.783019185,35.40,2496,55,65500
1791271110.325168077,34.95,2496,55,65700
1791271110.871815074,34.30,2496,55,65500
1791271111.411494193,33.99,2489,56,65400
1791271111.954942090,36.34,2489,56,65500
1791271112.507038376,37.42,2489,56,65600
1791271113.054212700,37.13,2489,56,65700
1791271113.598380196,37.05,2489,56,65700
1791271114.142294572,37.06,2489,56,65700
1791271114.696709990,37.33,2489,56,65700
1791271115.238370641,37.02,2489,56,65800
1791271115.788712736,36.97,2489,56,65800
1791271116.336486402,36.87,2489,56,65800
1791271116.880497498,37.02,2489,56,65800
1791271117.425407296,37.14,2489,56,65700
1791271117.979436281,37.19,2489,56,65800
1791271118.536695134,37.43,2489,56,65800
1791271119.087576748,37.57,2489,56,65800
1791271119.634722206,37.55,2489,56,65800
1791271120.186440874,37.36,2489,56,65800
1791271120.731820223,37.30,2489,56,65900
1791271121.281321550,37.35,2489,56,66000
1791271121.834959015,37.41,2489,56,66000
1791271122.381370362,37.37,2489,56,65900
1791271122.925503664,37.33,2489,56,65900
1791271123.475984461,37.09,2489,56,65800
1791271124.012144413,37.50,2489,56,65900
1791271124.554618853,37.36,2489,56,65900
1791271125.099711657,37.30,2489,56,65800
1791271125.647859897,37.43,2489,57,65900
1791271126.193130316,37.14,2489,56,66000
1791271126.746759524,37.07,2489,56,65900
1791271127.296992080,37.06,2489,56,65900
1791271127.843460898,37.88,2496,56,65900
1791271128.394734220,38.12,2496,56,65800
1791271128.945191928,37.79,2496,56,65800
1791271129.489875404,37.46,2496,56,65800
1791271130.031486035,36.18,2496,56,65800
1791271130.584551915,36.90,2489,56,65300
1791271131.129972637,37.90,2489,55,64600
1791271131.678691659,37.18,2489,57,65500
1791271132.230488052,37.06,2489,56,66100
1791271132.778815985,37.07,2489,56,66000
1791271133.318829338,37.21,2489,56,66000
1791271133.862514542,37.13,2489,56,66000
1791271134.410971291,37.20,2489,56,66100
1791271134.946540346,37.23,2489,56,66200
1791271135.491554428,37.12,2489,56,66500
1791271136.048346829,36.98,2489,56,66600
1791271136.596711274,37.04,2489,56,66700
1791271137.138992111,37.08,2489,56,66700
1791271137.691272022,37.07,2489,56,66700
1791271138.238347764,37.06,2489,56,66800
1791271138.790615851,37.25,2489,56,66800
1791271139.337342137,36.98,2489,57,66800
1791271139.889048049,37.28,2489,56,66800
1791271140.440741240,37.31,2489,56,66800
1791271140.987453190,37.17,2489,56,66800
1791271141.522262868,37.11,2489,56,66800
1791271142.081828816,37.14,2489,56,66700
1791271142.628582062,37.32,2489,56,66700
1791271143.174183453,37.48,2489,56,66800
1791271143.723343383,37.33,2489,56,66800
1791271144.272061361,37.10,2489,56,66800
1791271144.819114030,36.70,2489,56,66800
1791271145.368246888,37.10,2489,56,66800
1791271145.906990832,37.15,2489,56,66800
1791271146.467304105,37.50,2489,56,66800
1791271147.016724162,38.06,2496,56,66800
1791271147.555508794,37.48,2496,56,66800
1791271148.100747352,37.78,2496,56,66800
1791271148.645816983,37.55,2496,56,66800
1791271149.186638491,36.23,2496,57,66500
1791271149.727291359,37.27,2489,56,67000
1791271150.272417837,37.53,2489,56,67300
1791271150.823778851,37.09,2489,56,67300
1791271151.362453081,37.19,2489,56,67500
1791271151.899287779,37.19,2489,55,67400
1791271152.446479165,37.03,2489,56,67300
1791271152.993738728,37.10,2489,56,67200
1791271153.533638956,37.03,2489,56,67000
1791271154.093627205,37.04,2489,56,67100
1791271154.644807610,37.11,2489,56,67100
1791271155.181561266,37.02,2489,56,67000
1791271155.731852648,37.10,2489,56,67100
1791271156.281392430,37.20,2489,56,67400
1791271156.829867286,37.09,2489,56,67500
1791271157.377193408,37.22,2489,56,67600
1791271157.917431699,37.37,2489,56,67800
1791271158.465015852,37.50,2489,56,67800
1791271159.005406318,37.41,2489,56,67800
1791271159.540413688,37.76,2489,56,67800
1791271160.085861988,37.50,2489,57,67900
1791271160.630493296,37.08,2489,56,68000
1791271161.183668433,37.12,2489,56,67900
1791271161.726695551,37.22,2489,56,67800
1791271162.278919777,37.11,2489,55,67900
1791271162.837919752,37.02,2489,56,67800
1791271163.386524191,37.19,2489,56,67800
1791271163.927790991,37.05,2489,56,67800
1791271164.482454893,36.99,2489,56,67800
1791271165.032863904,36.92,2489,56,67800
1791271165.590765305,36.71,2483,56,67800
1791271166.137180562,37.19,2496,56,67800
1791271166.686910326,37.80,2496,56,67800
1791271167.232298272,37.41,2496,56,67800
1791271167.779863686,36.93,2496,56,67500
1791271168.325927215,29.78,2398,53,64400
1791271168.855592094,17.17,2405,52,59100
1791271169.380412965,11.68,2405,51,56300
1791271169.904982219,11.65,2405,51,55000
1791271377.025612626,33.47,2496,54,65800
1791271377.565260271,33.59,2496,54,66000
1791271378.111268818,33.77,2496,54,66000
1791271378.652691659,33.77,2496,54,66000
1791271379.196824416,32.18,2496,54,65400
1791271379.725583340,32.16,2496,54,64300
1791271380.273997051,36.08,2496,54,63800
1791271380.820778253,36.26,2496,55,64200
1791271381.362475765,36.31,2496,54,64500
1791271381.912952033,36.36,2496,55,64600
1791271382.461635871,36.27,2496,54,64700
1791271383.004735382,36.39,2496,55,64900
1791271383.554359907,36.55,2496,55,65000
1791271384.102019250,36.50,2496,55,65000
1791271384.644583913,36.19,2496,54,64900
1791271385.192427544,35.52,2496,54,65000
1791271385.738112907,35.29,2496,54,65000
1791271386.282987806,34.85,2496,54,65000
1791271386.823151864,34.40,2496,55,64900
1791271387.364291441,33.77,2496,54,65000
1791271387.909995059,34.09,2489,55,65100
1791271388.452578377,35.77,2496,55,65500
1791271388.994770400,36.25,2496,55,65700
1791271389.538797156,36.35,2496,55,65700
1791271390.085705364,36.23,2496,55,65700
1791271390.627876890,36.24,2496,55,65500
1791271391.169619778,36.40,2496,55,65400
1791271391.711316409,36.34,2496,55,65400
1791271392.259028343,36.47,2496,55,65500
1791271392.801489597,36.56,2496,55,65600
1791271393.344262338,36.57,2496,55,65500
1791271393.887846855,35.89,2496,55,65500
1791271394.429709245,35.36,2496,55,65600
1791271394.972949794,34.92,2496,55,65300
1791271395.513896857,34.50,2496,55,65200
1791271396.052354709,34.41,2496,54,65100
1791271396.592942909,33.30,2489,55,65000
1791271397.141585017,35.15,2496,55,65200
1791271397.684844109,36.33,2496,55,65400
1791271398.229146608,36.40,2496,55,65500
1791271398.782214117,36.36,2496,55,65600
1791271399.329653411,36.35,2496,55,65900
1791271399.879818637,36.30,2496,55,66100
1791271400.433261202,36.43,2496,55,66200
1791271400.977118580,36.58,2496,55,66400
1791271401.520966359,36.51,2496,55,66500
1791271402.066437633,36.05,2496,55,66300
1791271402.609945068,35.38,2496,55,66100
1791271403.155052885,35.24,2496,55,66100
1791271403.697776835,34.79,2496,55,66000
1791271404.238975495,34.38,2496,55,66000
1791271404.779456714,33.15,2496,53,65500
1791271405.327148139,35.43,2489,55,65300
1791271405.875971635,37.92,2489,55,65400
1791271406.418539838,36.69,2489,55,65600
1791271406.966628152,36.68,2489,55,65600
1791271407.519827311,36.63,2489,55,65600
1791271408.061355475,36.59,2489,55,65600
1791271408.612611644,36.67,2489,55,65600
1791271409.159778360,36.91,2489,55,65900
1791271409.703601523,36.94,2489,55,65800
1791271410.239893677,37.22,2489,55,69300
1791271410.778107396,37.10,2489,55,67800
1791271411.320707054,36.75,2489,55,66900
1791271411.865963179,36.78,2489,55,66500
1791271412.411402558,36.71,2489,55,67600
1791271412.956596854,36.81,2489,55,70400
1791271413.503516530,37.23,2489,55,69800
1791271414.052335770,37.11,2489,55,68100
1791271414.589628675,36.72,2489,55,67100
1791271415.138576820,36.73,2489,56,66600
1791271415.685296311,36.70,2489,55,67300
1791271416.233007795,36.79,2489,56,70200
1791271416.778737371,37.01,2489,55,68300
1791271417.325995159,36.83,2489,55,67300
1791271417.866819843,36.77,2489,55,66600
1791271418.420992777,36.72,2489,56,66300
1791271418.968675614,36.66,2489,55,66500
1791271419.517999384,36.62,2489,55,66700
1791271420.077647627,36.61,2489,55,66700
1791271420.632756044,36.56,2489,55,66300
1791271421.186239059,37.02,2496,55,66600
1791271421.731711375,37.24,2489,56,66800
1791271422.278159779,37.46,2496,55,66500
1791271422.823373227,37.45,2496,56,66600
1791271423.372000338,37.06,2496,55,66700
1791271423.913867835,35.73,2496,55,66700
1791271424.452940796,35.32,2489,55,67800
1791271424.991454037,37.08,2489,56,66300
1791271425.533921257,36.69,2489,55,63900
1791271426.083193136,36.47,2489,55,64100
1791271426.627019054,36.46,2489,55,65100
1791271427.175349258,36.65,2489,55,65900
1791271427.719495470,36.79,2489,55,66300
1791271428.265923708,36.72,2489,56,66500
1791271428.809967194,36.73,2489,55,66600
1791271429.347205069,36.88,2489,56,66700
1791271429.883413344,37.11,2489,56,66700
1791271430.423652091,36.95,2489,56,66700
1791271430.965713171,36.76,2489,55,66700
1791271431.519460269,36.80,2489,56,66800
1791271432.067594489,37.04,2489,56,66800
1791271432.614091617,36.83,2489,56,66800
1791271433.159853443,36.92,2489,56,66800
1791271433.695887165,36.96,2489,56,67000
1791271434.241586939,37.04,2489,56,67200
1791271434.788512576,37.03,2489,55,67200
1791271435.340704927,36.83,2489,56,67000
1791271435.891634799,36.91,2489,56,66900
1791271436.434041625,37.12,2489,56,67000
1791271436.990197831,36.92,2489,55,66900
1791271437.538441993,37.08,2489,56,67300
1791271438.086220434,36.96,2489,55,67200
1791271438.636125419,36.69,2489,56,67100
1791271439.181155326,36.79,2489,56,67000
1791271439.720427705,36.85,2489,56,66900
1791271440.274400513,37.12,2489,56,67000
1791271440.822483040,37.93,2496,56,66900
1791271441.368095763,37.78,2496,56,66900
1791271441.916490184,37.64,2496,56,67000
1791271442.462749278,37.43,2496,56,66900
1791271443.008873990,36.98,2496,55,66900
1791271443.550904070,33.88,2496,55,66900
1791271444.088511498,35.24,2489,56,67000
1791271444.637177384,37.78,2489,56,67200
1791271445.189338001,37.01,2489,56,67000
1791271445.733013681,36.95,2489,55,67000
1791271446.282354725,37.17,2489,56,67000
1791271446.823925030,36.84,2489,56,67000
1791271447.381956867,36.73,2489,56,66900
1791271447.931075783,36.78,2489,56,66800
1791271448.472770807,37.08,2489,56,66800
1791271449.028045440,36.97,2489,56,66800
1791271449.578461752,36.79,2489,56,67100
1791271450.124794927,37.02,2489,56,69400
1791271450.671365100,37.15,2489,56,68300
1791271451.222661431,37.02,2489,56,66700
1791271451.771868863,36.92,2489,56,66800
1791271452.308460729,37.28,2489,56,68900
1791271452.859428118,37.42,2489,56,71800
1791271453.406727123,37.35,2489,56,71400
1791271453.958494672,36.96,2489,56,70400
1791271454.509526798,36.97,2489,56,67800
1791271455.052070748,36.83,2489,56,67300
1791271455.595214363,36.83,2489,56,67100
1791271456.145332287,36.89,2489,56,66900
1791271456.695731319,36.78,2489,56,66900
1791271457.249582860,36.76,2489,56,66900
1791271457.791365389,37.14,2489,56,66800
1791271458.332284044,36.84,2489,56,66800
1791271458.884571521,36.73,2489,56,66900
1791271459.431358585,36.92,2489,56,66800
1791271459.977650713,36.58,2489,56,66900
1791271460.524544171,36.71,2489,56,66900
1791271461.069506356,36.90,2496,56,66900
1791271461.615508585,37.12,2496,56,66900
1791271462.162155705,37.00,2496,56,66900
1791271462.706603688,34.60,2496,55,66300
1791271463.233381598,21.82,2405,52,60900
1791271463.757458101,11.59,2405,51,57600
1791271464.283381901,11.48,2405,51,55800
1791271669.945939162,33.71,2496,55,65000
1791271670.487564975,33.95,2496,54,65100
1791271671.027311220,34.02,2496,54,64900
1791271671.574387875,32.52,2470,54,64400
1791271672.125479169,31.81,2476,55,64100
1791271672.669994539,34.41,2496,55,64400
1791271673.211012627,36.53,2496,55,64700
1791271673.750200558,36.51,2496,55,64800
1791271674.289252397,36.51,2496,55,65000
1791271674.834459965,36.51,2496,55,65000
1791271675.378184700,36.43,2496,55,65300
1791271675.924930757,36.51,2496,55,65400
1791271676.470978568,36.68,2496,55,65500
1791271677.016229379,36.68,2496,55,65600
1791271677.565752368,35.96,2496,55,65700
1791271678.114722755,35.44,2496,55,65800
1791271678.662440437,35.16,2496,55,65700
1791271679.204490120,34.56,2496,55,65800
1791271679.746703724,34.13,2496,55,65800
1791271680.288079211,34.28,2496,55,65800
1791271680.830950624,35.80,2496,55,65800
1791271681.378240549,36.42,2496,55,65800
1791271681.919565468,36.42,2496,55,65800
1791271682.469346916,36.52,2496,55,65800
1791271683.012029430,36.46,2496,55,65800
1791271683.557145066,36.49,2496,55,65600
1791271684.101507573,36.41,2496,55,65700
1791271684.645049931,36.54,2496,55,65500
1791271685.186636196,36.65,2496,55,65600
1791271685.731998545,36.78,2496,55,65800
1791271686.281788205,36.16,2496,55,65800
1791271686.831074993,35.36,2496,55,65800
1791271687.377411008,34.97,2496,55,65700
1791271687.918220925,34.62,2496,55,65800
1791271688.464708194,34.50,2496,55,65700
1791271689.009738787,33.55,2489,55,65900
1791271689.561090535,34.77,2496,55,66200
1791271690.108185806,36.42,2496,55,66500
1791271690.656964652,36.55,2496,55,66600
1791271691.199618782,36.54,2496,55,66700
1791271691.746750671,36.58,2496,55,66700
1791271692.290829084,36.51,2496,55,66700
1791271692.834584430,36.59,2496,55,66800
1791271693.384738720,36.69,2496,55,66800
1791271693.933162418,36.68,2496,55,66800
1791271694.484276820,36.26,2496,55,66800
1791271695.033595156,35.55,2496,55,66800
1791271695.575320423,35.41,2496,55,66800
1791271696.121325769,34.88,2496,55,66800
1791271696.668025738,34.44,2496,55,66700
1791271697.212897787,32.48,2496,53,66200
1791271697.748364379,34.11,2496,55,66400
1791271698.301314291,37.81,2489,55,66700
1791271698.857661202,36.63,2489,56,66900
1791271699.394805294,36.53,2489,56,67000
1791271699.946818293,36.98,2489,55,66900
1791271700.497925432,36.87,2489,56,66900
1791271701.044026036,36.85,2489,55,66800
1791271701.601258621,36.84,2489,55,66800
1791271702.155400160,36.77,2489,55,66800
1791271702.690907419,36.96,2489,56,66800
1791271703.236241098,36.82,2489,56,66800
1791271703.790030138,36.77,2489,56,66800
1791271704.330247800,37.02,2489,56,66800
1791271704.880623368,36.97,2489,55,66800
1791271705.434240643,37.00,2489,56,67200
1791271705.990766632,37.28,2489,56,67200
1791271706.537582575,37.01,2489,55,67200
1791271707.104318522,37.04,2489,56,67000
1791271707.651781169,36.97,2489,56,66900
1791271708.195629335,36.89,2489,56,66900
1791271708.752099069,36.93,2489,56,66800
1791271709.309699966,37.03,2489,56,66800
1791271709.849757978,37.25,2489,56,66800
1791271710.406767110,36.90,2489,55,66800
1791271710.964050257,36.75,2489,56,66900
1791271711.516129561,36.90,2489,56,66900
1791271712.067002093,36.77,2489,56,66900
1791271712.624967325,36.77,2489,56,66800
1791271713.171347146,36.88,2489,55,66800
1791271713.735422800,36.72,2496,56,67000
1791271714.289003660,37.27,2496,56,66900
1791271714.837997277,38.09,2496,56,66900
1791271715.391712350,37.66,2496,56,66900
1791271715.943743021,37.20,2496,56,67000
1791271716.485770079,36.39,2496,55,67000
1791271717.033110809,36.96,2496,56,67600
1791271717.586888294,38.07,2489,56,67800
1791271718.135827529,36.91,2489,56,67400
1791271718.693606140,36.77,2489,56,67000
1791271719.254323835,36.71,2489,56,66900
1791271719.811067995,36.83,2489,56,66900
1791271720.363422770,36.91,2489,55,66900
1791271720.906751503,37.20,2489,56,66800
1791271721.455162298,36.94,2489,56,66900
1791271722.007229050,37.04,2489,56,66900
1791271722.554825810,37.20,2489,56,66800
1791271723.098129147,37.05,2489,56,66800
1791271723.654213446,37.44,2489,55,66800
1791271724.206432050,37.12,2489,56,66900
1791271724.753826213,37.11,2489,56,66800
1791271725.301696280,37.18,2489,56,66800
1791271725.850641157,37.03,2489,56,66900
1791271726.392277022,36.84,2489,56,66700
1791271726.948582312,37.21,2489,56,66800
1791271727.492333239,37.25,2489,56,66800
1791271728.035602458,37.58,2489,56,66800
1791271728.583347904,37.46,2489,56,66800
1791271729.130792154,37.16,2489,56,66800
1791271729.677403502,37.06,2489,56,66800
1791271730.224760590,36.99,2489,56,66800
1791271730.777989077,36.99,2489,56,66800
1791271731.322939294,36.64,2489,56,66800
1791271731.878137499,36.68,2489,56,66800
1791271732.421131593,36.87,2489,56,66800
1791271732.970095371,37.65,2496,56,66800
1791271733.514709715,37.96,2496,56,66800
1791271734.060665921,37.42,2496,56,67000
1791271734.604423061,36.84,2496,56,66900
1791271735.147454320,36.45,2496,56,66900
1791271735.695967541,34.29,2496,54,66900
1791271736.236979605,35.48,2489,56,67000
1791271736.784800804,38.00,2489,56,66900
1791271737.323096063,36.76,2489,56,66900
1791271737.869859531,36.83,2489,56,66800
1791271738.417869170,36.96,2489,56,66800
1791271738.961476107,36.94,2489,56,66800
1791271739.508956604,37.03,2489,56,66900
1791271740.055078777,37.02,2489,56,66800
1791271740.598994474,36.82,2489,56,66900
1791271741.156587573,36.94,2489,56,66900
1791271741.701213895,36.76,2489,56,66800
1791271742.244623411,36.94,2489,56,66800
1791271742.800482581,37.06,2489,57,66800
1791271743.345574507,37.03,2489,56,66800
1791271743.893539501,37.20,2489,56,66800
1791271744.444865802,37.18,2489,56,66800
1791271744.989151709,36.85,2489,56,66800
1791271745.525512992,36.90,2489,56,66800
1791271746.073338750,36.85,2489,57,66800
1791271746.631369044,36.96,2489,56,66800
1791271747.180024370,37.08,2489,56,66800
1791271747.734263274,37.12,2489,56,66800
1791271748.274957626,37.09,2489,56,66800
1791271748.809208748,36.94,2489,56,66800
1791271749.353741332,36.99,2489,56,66800
1791271749.908514994,36.88,2489,56,66800
1791271750.452495749,36.61,2489,55,66800
1791271751.006703836,36.64,2489,56,66700
1791271751.555244370,36.54,2489,56,66700
1791271752.100340851,36.73,2489,55,66800
1791271752.657309040,37.50,2496,56,66900
1791271753.208022365,38.06,2496,56,66900
1791271753.754309391,37.69,2496,56,66900
1791271754.299063646,37.24,2496,56,66800
1791271754.842484794,36.13,2496,56,66800
1791271755.386894177,23.74,2405,52,61400
1791271755.911253791,11.80,2405,51,57400
1791271756.438795961,11.56,2405,51,55600
1791271961.380555469,33.53,2496,54,64900
1791271961.923495591,33.68,2496,54,64900
1791271962.462750827,33.76,2496,54,65000
1791271963.001784496,33.76,2496,54,65000
1791271963.543349257,31.14,2483,54,64400
1791271964.074947294,31.73,2496,55,62400
1791271964.614535158,36.08,2496,55,62600
1791271965.156341283,36.24,2496,55,62700
1791271965.698995564,36.30,2496,55,63300
1791271966.244779365,36.31,2496,55,63900
1791271966.786797638,36.23,2496,55,64400
1791271967.332900225,36.35,2496,55,64600
1791271967.879996983,36.43,2496,55,64900
1791271968.426485236,36.41,2496,55,64900
1791271968.968437979,36.19,2496,54,64900
1791271969.511591039,35.49,2496,55,64900
1791271970.056217579,35.18,2496,55,64900
1791271970.600170013,34.80,2496,54,64900
1791271971.140205223,34.37,2496,55,65000
1791271971.683154483,33.84,2496,54,65000
1791271972.221862169,34.15,2489,55,65000
1791271972.767249129,35.72,2496,55,65000
1791271973.313961220,36.15,2496,55,65000
1791271973.857532770,36.32,2496,55,64900
1791271974.401663040,36.25,2496,55,64900
1791271974.943270621,36.20,2496,55,64800
1791271975.489176116,36.39,2496,55,64800
1791271976.032775161,36.37,2496,55,64800
1791271976.577758921,36.37,2496,55,65000
1791271977.121977934,36.47,2496,55,64900
1791271977.667525694,36.59,2496,55,65000
1791271978.212438083,36.00,2496,55,64900
1791271978.755186422,35.27,2496,55,65000
1791271979.299734593,34.84,2496,55,64900
1791271979.844300493,34.46,2496,55,64800
1791271980.387515587,34.34,2496,54,65000
1791271980.930728378,33.78,2489,55,64900
1791271981.472224813,35.03,2496,55,64900
1791271982.012876551,36.30,2496,55,64900
1791271982.558851332,36.44,2496,55,65100
1791271983.102454880,36.44,2496,55,64900
1791271983.647378950,36.44,2496,55,65000
1791271984.189524286,36.45,2496,55,65000
1791271984.731794951,36.40,2496,55,65100
1791271985.274727230,36.54,2496,55,65100
1791271985.819937930,36.64,2496,55,65100
1791271986.360314051,36.41,2496,55,65000
1791271986.901021915,35.62,2496,55,65300
1791271987.445225490,35.09,2496,55,65200
1791271987.987289462,34.60,2496,55,65200
1791271988.530287431,34.43,2496,55,65300
1791271989.074522354,33.76,2496,56,65200
1791271989.618983343,35.46,2489,54,65300
1791271990.166738169,36.90,2489,55,65300
1791271990.705243114,36.53,2489,55,65500
1791271991.261207882,36.74,2489,55,65300
1791271991.810670224,36.88,2489,55,65300
1791271992.361191602,36.84,2489,55,65300
1791271992.911181192,36.97,2489,55,65400
1791271993.459886904,37.33,2489,55,65400
1791271993.996095744,36.99,2489,55,65600
1791271994.552634151,37.04,2489,55,65800
1791271995.097430002,36.83,2489,54,65800
1791271995.646757733,36.59,2489,55,65600
1791271996.195969531,36.70,2489,55,65400
1791271996.740231054,36.93,2489,55,65600
1791271997.279899613,37.13,2489,55,65700
1791271997.824105379,37.14,2489,55,65800
1791271998.370189313,37.20,2489,56,65700
1791271998.921850945,36.77,2489,56,65700
1791271999.486214252,36.62,2489,55,65600
1791272000.029749644,36.71,2489,55,65600
1791272000.568957224,36.88,2489,55,65700
1791272001.117593520,36.85,2489,56,65700
1791272001.661666276,36.85,2489,55,65700
1791272002.205690889,36.86,2489,56,65800
1791272002.746602914,36.92,2489,55,65800
1791272003.292930573,37.00,2489,55,65900
1791272003.846875680,36.91,2489,55,66000
1791272004.390424206,37.03,2489,56,66600
1791272004.935251431,36.72,2489,56,66700
1791272005.480914318,36.74,2489,56,66900
1791272006.023881844,37.46,2496,56,67200
1791272006.566327872,37.42,2496,55,67400
1791272007.108678781,36.76,2496,56,67500
1791272007.654638937,36.22,2496,55,67600
1791272008.194529575,33.97,2470,56,66800
1791272008.738205107,35.84,2489,56,67200
1791272009.273004097,37.44,2489,55,67300
1791272009.819063330,36.46,2489,54,67400
1791272010.365851441,36.46,2489,56,67600
1791272010.914671670,36.85,2489,56,67600
1791272011.446135806,36.89,2489,55,67700
1791272011.997155657,36.81,2489,56,67700
1791272012.544765946,36.80,2489,55,67700
1791272013.083702876,36.81,2489,56,67700
1791272013.638251370,36.90,2489,56,67700
1791272014.183972442,36.90,2489,56,67800
1791272014.720889949,37.01,2489,56,67700
1791272015.272050018,36.80,2489,55,67700
1791272015.830173298,36.77,2489,55,67700
1791272016.376817860,37.13,2489,55,67800
1791272016.923735685,37.26,2489,56,67700
1791272017.470957767,37.12,2489,56,67900
1791272018.019451763,36.81,2489,56,67900
1791272018.568364623,36.65,2489,56,67800
1791272019.115925955,36.76,2489,56,67300
1791272019.651672411,36.80,2489,56,66700
1791272020.195506023,36.92,2489,55,66300
1791272020.738380123,36.84,2489,56,66100
1791272021.290292462,36.82,2489,56,66000
1791272021.838821045,36.95,2489,56,65900
1791272022.381088305,36.85,2489,55,65900
1791272022.939766019,36.78,2489,57,65800
1791272023.488669182,36.74,2489,56,65800
1791272024.024677280,36.78,2489,56,65800
1791272024.570927325,37.26,2496,56,65900
1791272025.118102565,37.66,2496,56,65800
1791272025.667238437,37.86,2496,56,65900
1791272026.211470096,37.56,2496,56,65800
1791272026.755962461,37.05,2496,56,66100
1791272027.301643764,36.27,2496,55,65900
1791272027.843506737,36.23,2489,56,61800
1791272028.389964552,37.22,2489,56,60000
1791272028.930659806,36.90,2489,56,62400
1791272029.471543671,37.19,2489,56,64200
1791272030.011394117,37.35,2489,56,65100
1791272030.546195362,36.92,2489,56,65700
1791272031.093744794,36.69,2489,56,65800
1791272031.643695479,36.75,2489,55,66000
1791272032.190010265,37.06,2489,56,66000
1791272032.734075224,37.23,2489,56,66100
1791272033.269084939,37.00,2489,57,66000
1791272033.823964227,36.72,2489,56,66000
1791272034.371855715,36.77,2489,56,65900
1791272034.914232562,37.04,2489,56,65800
1791272035.458573656,37.06,2489,56,65800
1791272036.008977407,37.10,2489,56,65900
1791272036.556003658,37.08,2489,56,66000
1791272037.090556234,36.85,2489,56,66000
1791272037.640919286,36.78,2489,56,66200
1791272038.193203928,36.94,2489,56,66200
1791272038.735959040,37.17,2489,55,66400
1791272039.278913289,37.17,2489,56,66400
1791272039.811109790,37.13,2489,56,66300
1791272040.347530141,37.15,2489,56,66400
1791272040.891829874,37.34,2489,56,66300
1791272041.434237397,36.93,2489,56,66200
1791272041.981606188,36.81,2489,55,66200
1791272042.528931767,36.78,2489,56,66100
1791272043.075155576,36.71,2489,56,65900
1791272043.620090179,36.61,2489,56,65900
1791272044.171941673,36.72,2489,56,66100
1791272044.713341354,37.48,2496,56,66000
1791272045.261896869,37.49,2496,56,66200
1791272045.811215821,37.32,2496,56,66100
1791272046.359033536,36.34,2496,55,66200
1791272046.901221346,23.52,2405,52,60900
1791272047.429962927,11.75,2405,51,56800
1791272047.955505453,11.62,2405,51,55100
1791272250.308428957,33.66,2496,54,65000
1791272250.847999569,33.85,2496,54,64900
1791272251.389761133,33.93,2496,54,65000
1791272251.931863879,33.86,2496,54,65000
1791272252.473999859,30.48,2489,54,64400
1791272253.023400879,31.79,2496,55,64700
1791272253.565973691,36.27,2496,55,65100
1791272254.109115365,36.34,2496,55,65400
1791272254.651781107,36.44,2496,55,65600
1791272255.196531816,36.55,2496,55,65800
1791272255.739858772,36.53,2496,55,65800
1791272256.288528154,36.36,2496,55,65800
1791272256.832363382,36.42,2496,55,65800
1791272257.376451762,36.54,2496,55,65800
1791272257.925277226,36.63,2496,55,65800
1791272258.472345291,35.97,2496,55,65800
1791272259.014144948,35.39,2496,55,65800
1791272259.559440975,34.97,2496,55,65800
1791272260.105786726,34.65,2496,55,65800
1791272260.646596071,33.06,2489,54,65800
1791272261.187182186,33.84,2496,55,65800
1791272261.730854464,36.29,2496,55,65800
1791272262.276278159,36.46,2496,55,66000
1791272262.821479040,36.51,2496,55,65900
1791272263.366128965,36.52,2496,55,65900
1791272263.912084357,36.56,2496,55,66100
1791272264.461202440,36.53,2496,55,66400
1791272265.005408449,36.64,2496,55,66600
1791272265.551702707,36.74,2496,55,66800
1791272266.100449722,36.68,2496,55,66800
1791272266.647877752,36.00,2496,55,66800
1791272267.196226020,35.46,2496,55,66800
1791272267.742741272,35.13,2496,55,66800
1791272268.282385820,34.74,2496,55,66700
1791272268.824820388,34.19,2496,55,66800
1791272269.365991188,34.50,2489,55,66700
1791272269.911365473,36.22,2496,55,66700
1791272270.453671213,36.54,2496,55,66700
1791272271.004041558,36.62,2496,55,66700
1791272271.551896188,36.56,2496,55,66700
1791272272.095976371,36.48,2496,55,66600
1791272272.644243048,36.63,2496,55,66300
1791272273.191101301,36.56,2496,55,66300
1791272273.739242493,36.68,2496,55,66200
1791272274.288526017,36.75,2496,55,66000
1791272274.836374620,36.82,2496,55,66000
1791272275.384787846,36.21,2496,55,66200
1791272275.933421456,35.58,2496,55,66200
1791272276.475219481,35.10,2496,55,66400
1791272277.017501889,34.73,2496,55,66200
1791272277.567168041,34.56,2496,55,66100
1791272278.098228021,34.99,2489,56,66700
1791272278.642548711,37.89,2489,55,67300
1791272279.184266053,37.05,2489,55,67000
1791272279.736661605,36.79,2489,56,66900
1791272280.284003069,36.69,2489,56,66800
1791272280.826686361,36.83,2489,55,66800
1791272281.378360016,36.71,2489,55,66800
1791272281.923441636,36.76,2489,55,66600
1791272282.484715554,36.91,2489,55,66600
1791272283.038275250,36.96,2489,55,66700
1791272283.590745705,36.94,2489,56,67000
1791272284.134772134,37.07,2489,55,67100
1791272284.678118311,36.93,2489,56,66900
1791272285.231773211,36.87,2489,56,66900
1791272285.790663737,36.99,2489,55,67500
1791272286.334660698,37.32,2489,56,67800
1791272286.886474698,37.09,2489,56,67300
1791272287.443756962,36.97,2489,56,67100
1791272287.989092512,37.08,2489,56,67400
1791272288.530908126,37.18,2489,56,67700
1791272289.073234123,36.97,2489,56,67300
1791272289.615786344,36.84,2489,56,67100
1791272290.163355168,36.92,2489,56,67000
1791272290.716799151,36.96,2489,55,67000
1791272291.266788462,36.89,2489,56,67200
1791272291.817464923,36.90,2483,56,67100
1791272292.370183345,36.80,2489,55,67000
1791272292.917867085,36.62,2489,56,66900
1791272293.449754911,36.90,2489,56,67300
1791272293.983015804,36.92,2489,56,67200
1791272294.528672053,37.03,2489,56,67100
1791272295.077798414,37.55,2496,56,67000
1791272295.619721720,37.27,2496,56,66800
1791272296.164935301,37.10,2496,56,66600
1791272296.711471005,36.36,2496,55,66600
1791272297.255950270,36.21,2496,56,67400
1791272297.805480219,37.31,2489,56,68000
1791272298.345311491,36.81,2489,56,67600
1791272298.895330367,36.65,2489,56,67200
1791272299.443203942,36.46,2489,56,67200
1791272299.990245201,36.80,2489,56,67200
1791272300.538145338,36.95,2489,56,67000
1791272301.075798976,36.91,2489,55,66900
1791272301.623124957,36.93,2489,56,66900
1791272302.173409837,37.06,2489,56,67400
1791272302.719984207,37.15,2489,56,67300
1791272303.271007119,36.90,2489,56,67100
1791272303.818088817,37.13,2489,56,67400
1791272304.361397924,37.10,2489,56,67200
1791272304.905382484,36.92,2489,56,67000
1791272305.456250281,37.21,2489,56,67400
1791272306.015648856,37.37,2489,56,67300
1791272306.574930266,37.12,2489,56,67600
1791272307.129523920,37.14,2489,56,67300
1791272307.671590254,37.06,2489,56,67000
1791272308.212276179,37.02,2489,56,67600
1791272308.761568308,37.15,2489,56,67400
1791272309.318744083,37.17,2489,56,67600
1791272309.867535463,37.12,2489,55,67500
1791272310.417961606,36.97,2489,56,67600
1791272310.977019247,37.39,2489,56,68000
1791272311.520210815,37.19,2489,56,67600
1791272312.071568044,36.87,2489,56,67200
1791272312.622878570,37.07,2489,56,67100
1791272313.157451986,37.04,2489,56,67000
1791272313.710934297,37.18,2496,56,67000
1791272314.254511051,37.51,2496,56,67000
1791272314.800439924,37.30,2496,56,66900
1791272315.344039032,37.19,2496,56,66900
1791272315.888879064,36.35,2496,55,66900
1791272316.433866840,36.50,2489,56,67500
1791272316.982768824,37.81,2489,56,68000
1791272317.521798532,37.07,2489,56,67800
1791272318.067896353,37.13,2489,56,68000
1791272318.619095450,37.05,2489,56,67900
1791272319.160028528,37.12,2489,56,67400
1791272319.718267212,37.13,2489,56,67500
1791272320.262337191,37.08,2489,56,67500
1791272320.810799199,36.95,2489,56,67200
1791272321.346504591,37.27,2489,56,67600
1791272321.883293323,37.41,2489,56,67800
1791272322.420621670,37.26,2489,56,67300
1791272322.975245623,37.31,2489,56,67800
1791272323.521052447,37.46,2489,56,68000
1791272324.072704303,37.08,2489,56,67700
1791272324.624958030,37.05,2489,56,67900
1791272325.182598342,37.41,2489,55,68100
1791272325.735124133,37.18,2489,56,68100
1791272326.287550517,36.99,2489,56,67900
1791272326.837601952,37.05,2489,56,67700
1791272327.373240426,37.42,2489,56,68200
1791272327.921757838,37.43,2489,56,68300
1791272328.464346172,37.27,2489,56,68100
1791272328.999684857,37.17,2489,56,67900
1791272329.548858893,37.47,2489,56,68500
1791272330.093444181,37.26,2489,56,68200
1791272330.643091065,37.08,2489,56,68000
1791272331.192307215,36.99,2489,56,67700
1791272331.733491896,36.80,2489,56,67500
1791272332.282463697,36.99,2489,56,67400
1791272332.839581032,37.17,2496,56,67300
1791272333.383207369,37.47,2496,56,67100
1791272333.937708013,37.27,2496,56,67100
1791272334.480714243,37.14,2496,56,67000
1791272335.023900040,34.35,2496,54,66100
1791272335.548789469,21.52,2405,52,60400
1791272336.074260048,11.68,2405,51,57300
1791272336.599414470,11.58,2405,51,55400
